date,hosp_patients,weekly_hosp_admissions,icu_patients,new_cases,new_deaths
2020-01-05,,,,0.0,0.0
2020-01-06,,,,0.0,0.0
2020-01-07,,,,0.0,0.0
2020-01-08,,,,0.0,0.0
2020-01-09,,,,0.0,0.0
2020-01-10,,,,0.0,0.0
2020-01-11,,,,0.0,0.0
2020-01-12,,,,0.0,0.0
2020-01-13,,,,0.0,0.0
2020-01-14,,,,0.0,0.0
2020-01-15,,,,0.0,0.0
2020-01-16,,,,0.0,0.0
2020-01-17,,,,0.0,0.0
2020-01-18,,,,0.0,0.0
2020-01-19,,,,2.0,0.0
2020-01-20,,,,0.0,0.0
2020-01-21,,,,0.0,0.0
2020-01-22,,,,0.0,0.0
2020-01-23,,,,0.0,0.0
2020-01-24,,,,0.0,0.0
2020-01-25,,,,0.0,0.0
2020-01-26,,,,1.0,0.0
2020-01-27,,,,0.0,0.0
2020-01-28,,,,0.0,0.0
2020-01-29,,,,0.0,0.0
2020-01-30,,,,0.0,0.0
2020-01-31,,,,0.0,0.0
2020-02-01,,,,0.0,0.0
2020-02-02,,,,2.0,0.0
2020-02-03,,,,0.0,0.0
2020-02-04,,,,0.0,0.0
2020-02-05,,,,0.0,0.0
2020-02-06,,,,0.0,0.0
2020-02-07,,,,0.0,0.0
2020-02-08,,,,0.0,0.0
2020-02-09,,,,2.0,0.0
2020-02-10,,,,0.0,0.0
2020-02-11,,,,0.0,0.0
2020-02-12,,,,0.0,0.0
2020-02-13,,,,0.0,0.0
2020-02-14,,,,0.0,0.0
2020-02-15,,,,0.0,0.0
2020-02-16,,,,4.0,1.0
2020-02-17,,,,0.0,0.0
2020-02-18,,,,0.0,0.0
2020-02-19,,,,0.0,0.0
2020-02-20,,,,0.0,0.0
2020-02-21,,,,0.0,0.0
2020-02-22,,,,0.0,0.0
2020-02-23,,,,8.0,0.0
2020-02-24,,,,0.0,0.0
2020-02-25,,,,0.0,0.0
2020-02-26,,,,0.0,0.0
2020-02-27,,,,0.0,0.0
2020-02-28,,,,0.0,0.0
2020-02-29,,,,0.0,0.0
2020-03-01,,,,129.0,0.0
2020-03-02,,,,0.0,0.0
2020-03-03,,,,0.0,0.0
2020-03-04,,,,0.0,0.0
2020-03-05,,,,0.0,0.0
2020-03-06,,,,0.0,0.0
2020-03-07,,,,0.0,0.0
2020-03-08,,,,1423.0,24.0
2020-03-09,,,,0.0,0.0
2020-03-10,,,,0.0,0.0
2020-03-11,,,,0.0,0.0
2020-03-12,,,,0.0,0.0
2020-03-13,,,,0.0,0.0
2020-03-14,,,,0.0,0.0
2020-03-15,,,,11603.0,457.0
2020-03-16,,,,0.0,0.0
2020-03-17,,,,0.0,0.0
2020-03-18,,,,0.0,0.0
2020-03-19,,,,0.0,0.0
2020-03-20,,,,0.0,0.0
2020-03-21,,,,0.0,0.0
2020-03-22,,,,36346.0,2432.0
2020-03-23,,,,0.0,0.0
2020-03-24,,,,0.0,0.0
2020-03-25,,,,0.0,0.0
2020-03-26,,,,0.0,0.0
2020-03-27,,,,0.0,0.0
2020-03-28,,,,0.0,0.0
2020-03-29,,,,59344.0,5663.0
2020-03-30,,,,0.0,0.0
2020-03-31,,,,0.0,0.0
2020-04-01,,,,0.0,0.0
2020-04-02,,,,0.0,0.0
2020-04-03,,,,0.0,0.0
2020-04-04,,,,0.0,0.0
2020-04-05,,,,44403.0,5841.0
2020-04-06,,,,0.0,0.0
2020-04-07,,,,0.0,0.0
2020-04-08,,,,0.0,0.0
2020-04-09,,,,0.0,0.0
2020-04-10,,,,0.0,0.0
2020-04-11,,,,0.0,0.0
2020-04-12,,,,30585.0,4766.0
2020-04-13,,,,0.0,0.0
2020-04-14,,,,0.0,0.0
2020-04-15,,,,0.0,0.0
2020-04-16,,,,0.0,0.0
2020-04-17,,,,0.0,0.0
2020-04-18,,,,0.0,0.0
2020-04-19,,,,21250.0,3576.0
2020-04-20,,,,0.0,0.0
2020-04-21,,,,0.0,0.0
2020-04-22,,,,0.0,0.0
2020-04-23,,,,0.0,0.0
2020-04-24,,,,0.0,0.0
2020-04-25,,,,0.0,0.0
2020-04-26,,,,14574.0,2386.0
2020-04-27,,,,0.0,0.0
2020-04-28,,,,0.0,0.0
2020-04-29,,,,0.0,0.0
2020-04-30,,,,0.0,0.0
2020-05-01,,,,0.0,0.0
2020-05-02,,,,0.0,0.0
2020-05-03,,,,8099.0,1551.0
2020-05-04,,,,0.0,0.0
2020-05-05,,,,0.0,0.0
2020-05-06,,,,0.0,0.0
2020-05-07,,,,0.0,0.0
2020-05-08,,,,0.0,0.0
2020-05-09,,,,0.0,0.0
2020-05-10,,,,5624.0,1069.0
2020-05-11,,,,0.0,0.0
2020-05-12,,,,0.0,0.0
2020-05-13,,,,0.0,0.0
2020-05-14,,,,0.0,0.0
2020-05-15,,,,0.0,0.0
2020-05-16,,,,0.0,0.0
2020-05-17,,,,5398.0,612.0
2020-05-18,,,,0.0,0.0
2020-05-19,,,,0.0,0.0
2020-05-20,,,,0.0,0.0
2020-05-21,,,,0.0,0.0
2020-05-22,,,,0.0,0.0
2020-05-23,,,,0.0,0.0
2020-05-24,,,,4394.0,452.0
2020-05-25,,,,0.0,0.0
2020-05-26,,,,0.0,0.0
2020-05-27,,,,0.0,0.0
2020-05-28,,,,0.0,0.0
2020-05-29,,,,0.0,0.0
2020-05-30,,,,0.0,0.0
2020-05-31,,,,3818.0,338.0
2020-06-01,,,,0.0,0.0
2020-06-02,,,,0.0,0.0
2020-06-03,,,,0.0,0.0
2020-06-04,,,,0.0,0.0
2020-06-05,,,,0.0,0.0
2020-06-06,,,,0.0,0.0
2020-06-07,,,,3029.0,240.0
2020-06-08,,,,0.0,0.0
2020-06-09,,,,0.0,0.0
2020-06-10,,,,0.0,0.0
2020-06-11,,,,0.0,0.0
2020-06-12,,,,0.0,0.0
2020-06-13,,,,0.0,0.0
2020-06-14,,,,2360.0,160.0
2020-06-15,,,,0.0,0.0
2020-06-16,,,,0.0,0.0
2020-06-17,,,,0.0,0.0
2020-06-18,,,,0.0,0.0
2020-06-19,,,,0.0,0.0
2020-06-20,,,,0.0,0.0
2020-06-21,,,,2209.0,113.0
2020-06-22,,,,0.0,0.0
2020-06-23,,,,0.0,0.0
2020-06-24,,,,0.0,0.0
2020-06-25,,,,0.0,0.0
2020-06-26,,,,0.0,0.0
2020-06-27,,,,0.0,0.0
2020-06-28,,,,2353.0,57.0
2020-06-29,,,,0.0,0.0
2020-06-30,,,,0.0,0.0
2020-07-01,,,,0.0,0.0
2020-07-02,,,,0.0,0.0
2020-07-03,,,,0.0,0.0
2020-07-04,,,,0.0,0.0
2020-07-05,,,,2806.0,48.0
2020-07-06,,,,0.0,0.0
2020-07-07,,,,0.0,0.0
2020-07-08,,,,0.0,0.0
2020-07-09,,,,0.0,0.0
2020-07-10,,,,0.0,0.0
2020-07-11,,,,0.0,0.0
2020-07-12,,,,4866.0,29.0
2020-07-13,,,,0.0,0.0
2020-07-14,,,,0.0,0.0
2020-07-15,,,,0.0,0.0
2020-07-16,,,,0.0,0.0
2020-07-17,,,,0.0,0.0
2020-07-18,,,,0.0,0.0
2020-07-19,,,,10235.0,21.0
2020-07-20,,,,0.0,0.0
2020-07-21,,,,0.0,0.0
2020-07-22,,,,0.0,0.0
2020-07-23,,,,0.0,0.0
2020-07-24,,,,0.0,0.0
2020-07-25,,,,0.0,0.0
2020-07-26,,,,14507.0,51.0
2020-07-27,,,,0.0,0.0
2020-07-28,,,,0.0,0.0
2020-07-29,,,,0.0,0.0
2020-07-30,,,,0.0,0.0
2020-07-31,,,,0.0,0.0
2020-08-01,2083.0,,250.0,0.0,0.0
2020-08-02,2325.0,,282.0,20321.0,90.0
2020-08-03,2370.0,,293.0,0.0,0.0
2020-08-04,2405.0,,311.0,0.0,0.0
2020-08-05,2514.0,,307.0,0.0,0.0
2020-08-06,2756.0,,323.0,0.0,0.0
2020-08-07,2659.0,2768.0,341.0,0.0,0.0
2020-08-08,2630.0,2830.0,340.0,0.0,0.0
2020-08-09,3084.0,2879.0,378.0,28301.0,147.0
2020-08-10,2975.0,3033.0,370.0,0.0,0.0
2020-08-11,3054.0,3212.0,402.0,0.0,0.0
2020-08-12,3203.0,3339.0,415.0,0.0,0.0
2020-08-13,3319.0,3508.0,438.0,0.0,0.0
2020-08-14,3346.0,3690.0,455.0,0.0,0.0
2020-08-15,3409.0,3862.0,457.0,0.0,0.0
2020-08-16,3842.0,4002.0,494.0,40123.0,204.0
2020-08-17,4190.0,4134.0,511.0,0.0,0.0
2020-08-18,4157.0,4296.0,531.0,0.0,0.0
2020-08-19,4292.0,4460.0,547.0,0.0,0.0
2020-08-20,4354.0,4610.0,572.0,0.0,0.0
2020-08-21,4340.0,4755.0,600.0,0.0,0.0
2020-08-22,4405.0,4892.0,610.0,0.0,0.0
2020-08-23,4964.0,4987.0,675.0,52062.0,308.0
2020-08-24,5245.0,5185.0,703.0,0.0,0.0
2020-08-25,5431.0,5379.0,720.0,0.0,0.0
2020-08-26,5430.0,5485.0,737.0,0.0,0.0
2020-08-27,5753.0,5659.0,773.0,0.0,0.0
2020-08-28,5666.0,5847.0,812.0,0.0,0.0
2020-08-29,5725.0,6047.0,827.0,0.0,0.0
2020-08-30,6498.0,6122.0,866.0,61080.0,394.0
2020-08-31,6300.0,6086.0,879.0,0.0,0.0
2020-09-01,6325.0,6131.0,916.0,0.0,0.0
2020-09-02,6404.0,6274.0,948.0,0.0,0.0
2020-09-03,6455.0,6339.0,979.0,0.0,0.0
2020-09-04,6374.0,6360.0,990.0,0.0,0.0
2020-09-05,6532.0,6344.0,1000.0,0.0,0.0
2020-09-06,7146.0,6401.0,1075.0,65500.0,510.0
2020-09-07,7218.0,6490.0,1108.0,0.0,0.0
2020-09-08,7344.0,6547.0,1136.0,0.0,0.0
2020-09-09,7461.0,6629.0,1160.0,0.0,0.0
2020-09-10,7500.0,6691.0,1181.0,0.0,0.0
2020-09-11,7476.0,6875.0,1206.0,0.0,0.0
2020-09-12,7641.0,7073.0,1190.0,0.0,0.0
2020-09-13,8484.0,7245.0,1252.0,74073.0,680.0
2020-09-14,8698.0,7450.0,1281.0,0.0,0.0
2020-09-15,8573.0,7651.0,1282.0,0.0,0.0
2020-09-16,8825.0,7776.0,1333.0,0.0,0.0
2020-09-17,8736.0,7952.0,1343.0,0.0,0.0
2020-09-18,8651.0,8097.0,1375.0,0.0,0.0
2020-09-19,8783.0,8223.0,1376.0,0.0,0.0
2020-09-20,9680.0,8191.0,1425.0,80808.0,827.0
2020-09-21,9454.0,8231.0,1438.0,0.0,0.0
2020-09-22,9357.0,8263.0,1436.0,0.0,0.0
2020-09-23,9657.0,8288.0,1449.0,0.0,0.0
2020-09-24,9578.0,8326.0,1465.0,0.0,0.0
2020-09-25,9217.0,8210.0,1487.0,0.0,0.0
2020-09-26,9310.0,8089.0,1499.0,0.0,0.0
2020-09-27,9730.0,8049.0,1537.0,72474.0,880.0
2020-09-28,9470.0,7982.0,1543.0,0.0,0.0
2020-09-29,9223.0,7882.0,1539.0,0.0,0.0
2020-09-30,9279.0,7808.0,1561.0,0.0,0.0
2020-10-01,8821.0,7649.0,1566.0,0.0,0.0
2020-10-02,8954.0,7609.0,1594.0,0.0,0.0
2020-10-03,8662.0,7555.0,1560.0,0.0,0.0
2020-10-04,9310.0,7481.0,1580.0,65133.0,947.0
2020-10-05,9150.0,7455.0,1544.0,0.0,0.0
2020-10-06,9034.0,7490.0,1568.0,0.0,0.0
2020-10-07,9036.0,7481.0,1585.0,0.0,0.0
2020-10-08,8939.0,7572.0,1590.0,0.0,0.0
2020-10-09,8543.0,7702.0,1581.0,0.0,0.0
2020-10-10,8626.0,7855.0,1580.0,0.0,0.0
2020-10-11,8815.0,8193.0,1582.0,77797.0,944.0
2020-10-12,9797.0,8186.0,1628.0,0.0,0.0
2020-10-13,9987.0,8297.0,1652.0,0.0,0.0
2020-10-14,9977.0,8487.0,1702.0,0.0,0.0
2020-10-15,10103.0,8641.0,1739.0,0.0,0.0
2020-10-16,9805.0,8812.0,1767.0,0.0,0.0
2020-10-17,9853.0,8973.0,1776.0,0.0,0.0
2020-10-18,11087.0,9031.0,1860.0,91151.0,1053.0
2020-10-19,11403.0,9534.0,1916.0,0.0,0.0
2020-10-20,11681.0,9920.0,1930.0,0.0,0.0
2020-10-21,12386.0,10330.0,1979.0,0.0,0.0
2020-10-22,12507.0,10834.0,2031.0,0.0,0.0
2020-10-23,12566.0,11222.0,2116.0,0.0,0.0
2020-10-24,13301.0,11633.0,2135.0,0.0,0.0
2020-10-25,14053.0,11890.0,2210.0,135288.0,1387.0
2020-10-26,14428.0,12248.0,2298.0,0.0,0.0
2020-10-27,14532.0,12622.0,2368.0,0.0,0.0
2020-10-28,14953.0,12994.0,2399.0,0.0,0.0
2020-10-29,15559.0,13226.0,2482.0,0.0,0.0
2020-10-30,15002.0,13562.0,2546.0,0.0,0.0
2020-10-31,15168.0,13902.0,2563.0,0.0,0.0
2020-11-01,16396.0,14225.0,2650.0,144877.0,1798.0
2020-11-02,17084.0,14197.0,2764.0,0.0,0.0
2020-11-03,17330.0,14354.0,2786.0,0.0,0.0
2020-11-04,17271.0,14429.0,2802.0,0.0,0.0
2020-11-05,17174.0,14355.0,2863.0,0.0,0.0
2020-11-06,16535.0,14312.0,2932.0,0.0,0.0
2020-11-07,16683.0,14201.0,2937.0,0.0,0.0
2020-11-08,18025.0,14018.0,3048.0,133375.0,2304.0
2020-11-09,17767.0,14134.0,3066.0,0.0,0.0
2020-11-10,17695.0,14078.0,3093.0,0.0,0.0
2020-11-11,17212.0,13866.0,3121.0,0.0,0.0
2020-11-12,16983.0,13751.0,3125.0,0.0,0.0
2020-11-13,16204.0,13496.0,3108.0,0.0,0.0
2020-11-14,16174.0,13295.0,3110.0,0.0,0.0
2020-11-15,17125.0,13033.0,3165.0,112091.0,2344.0
2020-11-16,16646.0,12831.0,3127.0,0.0,0.0
2020-11-17,16133.0,12422.0,3120.0,0.0,0.0
2020-11-18,15497.0,11976.0,3127.0,0.0,0.0
2020-11-19,14706.0,11574.0,3092.0,0.0,0.0
2020-11-20,13647.0,11121.0,2961.0,0.0,0.0
2020-11-21,13778.0,10683.0,2955.0,0.0,0.0
2020-11-22,14586.0,10352.0,2925.0,81232.0,2183.0
2020-11-23,13669.0,9858.0,2861.0,0.0,0.0
2020-11-24,12996.0,9404.0,2838.0,0.0,0.0
2020-11-25,12356.0,9115.0,2815.0,0.0,0.0
2020-11-26,11878.0,8846.0,2774.0,0.0,0.0
2020-11-27,11121.0,8598.0,2689.0,0.0,0.0
2020-11-28,11155.0,8323.0,2680.0,0.0,0.0
2020-11-29,11801.0,8144.0,2641.0,58537.0,1873.0
2020-11-30,11576.0,7968.0,2590.0,0.0,0.0
2020-12-01,10967.0,7832.0,2484.0,0.0,0.0
2020-12-02,10521.0,7593.0,2437.0,0.0,0.0
2020-12-03,10050.0,7350.0,2368.0,0.0,0.0
2020-12-04,9275.0,7194.0,2290.0,0.0,0.0
2020-12-05,9272.0,7022.0,2279.0,0.0,0.0
2020-12-06,9582.0,6995.0,2251.0,50703.0,1526.0
2020-12-07,9417.0,6673.0,2172.0,0.0,0.0
2020-12-08,9874.0,6286.0,2179.0,0.0,0.0
2020-12-09,9623.0,6262.0,2153.0,0.0,0.0
2020-12-10,9471.0,6390.0,2100.0,0.0,0.0
2020-12-11,8974.0,6447.0,2079.0,0.0,0.0
2020-12-12,9003.0,6542.0,2058.0,0.0,0.0
2020-12-13,9687.0,6520.0,2068.0,50685.0,1360.0
2020-12-14,9599.0,6798.0,2027.0,0.0,0.0
2020-12-15,9378.0,7143.0,1964.0,0.0,0.0
2020-12-16,9299.0,7204.0,1955.0,0.0,0.0
2020-12-17,9304.0,7132.0,1920.0,0.0,0.0
2020-12-18,8860.0,7165.0,1914.0,0.0,0.0
2020-12-19,8915.0,7167.0,1914.0,0.0,0.0
2020-12-20,9651.0,7237.0,1944.0,68392.0,1146.0
2020-12-21,9594.0,7287.0,1906.0,0.0,0.0
2020-12-22,9396.0,7318.0,1931.0,0.0,0.0
2020-12-23,8837.0,7433.0,1907.0,0.0,0.0
2020-12-24,8838.0,7535.0,1909.0,0.0,0.0
2020-12-25,9204.0,7338.0,1927.0,0.0,0.0
2020-12-26,9078.0,7152.0,1888.0,0.0,0.0
2020-12-27,9934.0,7310.0,2023.0,66172.0,1172.0
2020-12-28,10128.0,7373.0,2020.0,0.0,0.0
2020-12-29,9922.0,7537.0,2036.0,0.0,0.0
2020-12-30,9477.0,7582.0,2072.0,0.0,0.0
2020-12-31,9491.0,7662.0,2026.0,0.0,0.0
2021-01-01,10032.0,7801.0,2085.0,0.0,0.0
2021-01-02,9941.0,7988.0,2038.0,0.0,0.0
2021-01-03,11262.0,8186.0,2192.0,98951.0,1287.0
2021-01-04,11624.0,8582.0,2220.0,0.0,0.0
2021-01-05,11611.0,8883.0,2214.0,0.0,0.0
2021-01-06,12241.0,9171.0,2307.0,0.0,0.0
2021-01-07,12636.0,9735.0,2318.0,0.0,0.0
2021-01-08,12694.0,10559.0,2334.0,0.0,0.0
2021-01-09,12841.0,11272.0,2359.0,0.0,0.0
2021-01-10,14392.0,11686.0,2537.0,160591.0,1577.0
2021-01-11,15139.0,12217.0,2651.0,0.0,0.0
2021-01-12,15480.0,12860.0,2746.0,0.0,0.0
2021-01-13,16077.0,13822.0,2849.0,0.0,0.0
2021-01-14,16706.0,14601.0,2953.0,0.0,0.0
2021-01-15,17131.0,15423.0,3006.0,0.0,0.0
2021-01-16,17330.0,16261.0,3039.0,0.0,0.0
2021-01-17,19955.0,16946.0,3294.0,234083.0,2325.0
2021-01-18,20771.0,17871.0,3425.0,0.0,0.0
2021-01-19,21645.0,18933.0,3581.0,0.0,0.0
2021-01-20,22823.0,19875.0,3732.0,0.0,0.0
2021-01-21,23527.0,20676.0,3908.0,0.0,0.0
2021-01-22,23781.0,21407.0,4048.0,0.0,0.0
2021-01-23,23946.0,22107.0,4089.0,0.0,0.0
2021-01-24,26204.0,22382.0,4284.0,244667.0,3407.0
2021-01-25,26387.0,22669.0,4433.0,0.0,0.0
2021-01-26,26276.0,22632.0,4515.0,0.0,0.0
2021-01-27,26104.0,22391.0,4608.0,0.0,0.0
2021-01-28,26041.0,22082.0,4727.0,0.0,0.0
2021-01-29,25291.0,21743.0,4774.0,0.0,0.0
2021-01-30,25437.0,21366.0,4784.0,0.0,0.0
2021-01-31,27029.0,20974.0,4894.0,202047.0,3819.0
2021-02-01,26268.0,20239.0,4853.0,0.0,0.0
2021-02-02,25425.0,19633.0,4836.0,0.0,0.0
2021-02-03,24460.0,18827.0,4843.0,0.0,0.0
2021-02-04,23798.0,18198.0,4795.0,0.0,0.0
2021-02-05,22211.0,17380.0,4762.0,0.0,0.0
2021-02-06,22163.0,16616.0,4744.0,0.0,0.0
2021-02-07,22907.0,15874.0,4732.0,130543.0,3315.0
2021-02-08,21514.0,15259.0,4593.0,0.0,0.0
2021-02-09,20269.0,14486.0,4558.0,0.0,0.0
2021-02-10,19069.0,13803.0,4447.0,0.0,0.0
2021-02-11,17958.0,12920.0,4351.0,0.0,0.0
2021-02-12,16436.0,12222.0,4284.0,0.0,0.0
2021-02-13,16461.0,11546.0,4274.0,0.0,0.0
2021-02-14,16766.0,11032.0,4196.0,75699.0,2459.0
2021-02-15,15544.0,10373.0,4053.0,0.0,0.0
2021-02-16,14413.0,9747.0,3909.0,0.0,0.0
2021-02-17,13437.0,9263.0,3840.0,0.0,0.0
2021-02-18,12575.0,8833.0,3739.0,0.0,0.0
2021-02-19,11210.0,8345.0,3630.0,0.0,0.0
2021-02-20,11202.0,7869.0,3623.0,0.0,0.0
2021-02-21,11678.0,7675.0,3539.0,50400.0,1692.0
2021-02-22,10802.0,7392.0,3367.0,0.0,0.0
2021-02-23,10260.0,7057.0,3243.0,0.0,0.0
2021-02-24,9656.0,6811.0,3133.0,0.0,0.0
2021-02-25,9186.0,6620.0,3021.0,0.0,0.0
2021-02-26,8472.0,6513.0,2958.0,0.0,0.0
2021-02-27,8502.0,6464.0,2953.0,0.0,0.0
2021-02-28,8831.0,6394.0,2923.0,38936.0,1315.0
2021-03-01,8450.0,6144.0,2796.0,0.0,0.0
2021-03-02,8081.0,6059.0,2710.0,0.0,0.0
2021-03-03,7585.0,5906.0,2615.0,0.0,0.0
2021-03-04,7347.0,5784.0,2571.0,0.0,0.0
2021-03-05,6945.0,5573.0,2527.0,0.0,0.0
2021-03-06,6894.0,5339.0,2521.0,0.0,0.0
2021-03-07,7292.0,5267.0,2471.0,33692.0,927.0
2021-03-08,7026.0,5214.0,2366.0,0.0,0.0
2021-03-09,6807.0,5117.0,2331.0,0.0,0.0
2021-03-10,6477.0,5018.0,2243.0,0.0,0.0
2021-03-11,6354.0,4940.0,2185.0,0.0,0.0
2021-03-12,6115.0,4981.0,2121.0,0.0,0.0
2021-03-13,6152.0,5050.0,2119.0,0.0,0.0
2021-03-14,6879.0,4987.0,2112.0,32524.0,717.0
2021-03-15,6312.0,4974.0,2037.0,0.0,0.0
2021-03-16,6073.0,4942.0,1997.0,0.0,0.0
2021-03-17,5891.0,4994.0,1950.0,0.0,0.0
2021-03-18,5725.0,4955.0,1958.0,0.0,0.0
2021-03-19,5627.0,4814.0,1911.0,0.0,0.0
2021-03-20,5666.0,4681.0,1913.0,0.0,0.0
2021-03-21,6075.0,4664.0,1948.0,34096.0,592.0
2021-03-22,6059.0,4727.0,1876.0,0.0,0.0
2021-03-23,5951.0,4725.0,1855.0,0.0,0.0
2021-03-24,5945.0,4747.0,1853.0,0.0,0.0
2021-03-25,5849.0,4857.0,1830.0,0.0,0.0
2021-03-26,5642.0,4970.0,1812.0,0.0,0.0
2021-03-27,5704.0,5082.0,1808.0,0.0,0.0
2021-03-28,6231.0,5152.0,1867.0,42834.0,533.0
2021-03-29,6243.0,5257.0,1853.0,0.0,0.0
2021-03-30,6245.0,5417.0,1832.0,0.0,0.0
2021-03-31,6092.0,5571.0,1843.0,0.0,0.0
2021-04-01,6136.0,5641.0,1847.0,0.0,0.0
2021-04-02,6505.0,5692.0,1876.0,0.0,0.0
2021-04-03,6477.0,5707.0,1834.0,0.0,0.0
2021-04-04,7058.0,5947.0,1931.0,43342.0,538.0
2021-04-05,7435.0,6015.0,1992.0,0.0,0.0
2021-04-06,7408.0,6178.0,2009.0,0.0,0.0
2021-04-07,7360.0,6261.0,2024.0,0.0,0.0
2021-04-08,7309.0,6402.0,2050.0,0.0,0.0
2021-04-09,7086.0,6589.0,2075.0,0.0,0.0
2021-04-10,7157.0,6812.0,2078.0,0.0,0.0
2021-04-11,7821.0,6751.0,2168.0,60150.0,563.0
2021-04-12,7802.0,6921.0,2152.0,0.0,0.0
2021-04-13,7644.0,6872.0,2153.0,0.0,0.0
2021-04-14,7589.0,6922.0,2144.0,0.0,0.0
2021-04-15,7618.0,6931.0,2180.0,0.0,0.0
2021-04-16,7380.0,7057.0,2195.0,0.0,0.0
2021-04-17,7422.0,7144.0,2213.0,0.0,0.0
2021-04-18,8153.0,7163.0,2276.0,58926.0,570.0
2021-04-19,8014.0,7115.0,2286.0,0.0,0.0
2021-04-20,7820.0,7195.0,2288.0,0.0,0.0
2021-04-21,7766.0,7174.0,2283.0,0.0,0.0
2021-04-22,7674.0,7214.0,2297.0,0.0,0.0
2021-04-23,7343.0,7052.0,2303.0,0.0,0.0
2021-04-24,7387.0,6888.0,2303.0,0.0,0.0
2021-04-25,8024.0,6821.0,2356.0,57972.0,528.0
2021-04-26,7875.0,6818.0,2332.0,0.0,0.0
2021-04-27,7669.0,6726.0,2316.0,0.0,0.0
2021-04-28,7464.0,6583.0,2322.0,0.0,0.0
2021-04-29,7350.0,6473.0,2302.0,0.0,0.0
2021-04-30,6940.0,6416.0,2296.0,0.0,0.0
2021-05-01,6995.0,6360.0,2289.0,0.0,0.0
2021-05-02,7400.0,6309.0,2315.0,52880.0,453.0
2021-05-03,7298.0,5969.0,2289.0,0.0,0.0
2021-05-04,6901.0,5845.0,2241.0,0.0,0.0
2021-05-05,6688.0,5765.0,2212.0,0.0,0.0
2021-05-06,6422.0,5620.0,2183.0,0.0,0.0
2021-05-07,5979.0,5470.0,2155.0,0.0,0.0
2021-05-08,5977.0,5313.0,2156.0,0.0,0.0
2021-05-09,6397.0,5175.0,2134.0,41911.0,458.0
2021-05-10,6068.0,5096.0,2038.0,0.0,0.0
2021-05-11,5705.0,4867.0,1991.0,0.0,0.0
2021-05-12,5444.0,4688.0,1931.0,0.0,0.0
2021-05-13,5198.0,4521.0,1899.0,0.0,0.0
2021-05-14,4821.0,4394.0,1853.0,0.0,0.0
2021-05-15,4850.0,4323.0,1828.0,0.0,0.0
2021-05-16,5088.0,4212.0,1836.0,34703.0,363.0
2021-05-17,4791.0,4064.0,1772.0,0.0,0.0
2021-05-18,4529.0,3968.0,1739.0,0.0,0.0
2021-05-19,4267.0,3836.0,1688.0,0.0,0.0
2021-05-20,4055.0,3693.0,1650.0,0.0,0.0
2021-05-21,3738.0,3547.0,1622.0,0.0,0.0
2021-05-22,3795.0,3392.0,1621.0,0.0,0.0
2021-05-23,3981.0,3306.0,1628.0,32321.0,253.0
2021-05-24,3858.0,3264.0,1551.0,0.0,0.0
2021-05-25,3612.0,3184.0,1499.0,0.0,0.0
2021-05-26,3472.0,3168.0,1467.0,0.0,0.0
2021-05-27,3387.0,3120.0,1426.0,0.0,0.0
2021-05-28,3125.0,3093.0,1387.0,0.0,0.0
2021-05-29,3164.0,3072.0,1387.0,0.0,0.0
2021-05-30,3509.0,3087.0,1347.0,30781.0,191.0
2021-05-31,3368.0,3028.0,1285.0,0.0,0.0
2021-06-01,3231.0,2990.0,1236.0,0.0,0.0
2021-06-02,3037.0,2897.0,1205.0,0.0,0.0
2021-06-03,2969.0,2823.0,1162.0,0.0,0.0
2021-06-04,2767.0,2748.0,1118.0,0.0,0.0
2021-06-05,2752.0,2679.0,1123.0,0.0,0.0
2021-06-06,2990.0,2643.0,1124.0,28289.0,209.0
2021-06-07,2792.0,2593.0,1088.0,0.0,0.0
2021-06-08,2665.0,2547.0,1040.0,0.0,0.0
2021-06-09,2561.0,2498.0,1005.0,0.0,0.0
2021-06-10,2461.0,2454.0,966.0,0.0,0.0
2021-06-11,2536.0,2393.0,927.0,0.0,0.0
2021-06-12,2533.0,2304.0,930.0,0.0,0.0
2021-06-13,2497.0,2249.0,918.0,24345.0,145.0
2021-06-14,2352.0,2178.0,899.0,0.0,0.0
2021-06-15,2236.0,2104.0,853.0,0.0,0.0
2021-06-16,2239.0,2047.0,835.0,0.0,0.0
2021-06-17,2038.0,2000.0,793.0,0.0,0.0
2021-06-18,1889.0,1934.0,762.0,0.0,0.0
2021-06-19,1905.0,1891.0,763.0,0.0,0.0
2021-06-20,2062.0,1835.0,770.0,23600.0,130.0
2021-06-21,1932.0,1783.0,728.0,0.0,0.0
2021-06-22,1821.0,1726.0,683.0,0.0,0.0
2021-06-23,1750.0,1696.0,655.0,0.0,0.0
2021-06-24,1725.0,1655.0,641.0,0.0,0.0
2021-06-25,1672.0,1680.0,633.0,0.0,0.0
2021-06-26,1656.0,1706.0,629.0,0.0,0.0
2021-06-27,1846.0,1728.0,642.0,29773.0,113.0
2021-06-28,1765.0,1720.0,620.0,0.0,0.0
2021-06-29,1774.0,1762.0,601.0,0.0,0.0
2021-06-30,1773.0,1771.0,584.0,0.0,0.0
2021-07-01,1826.0,1871.0,586.0,0.0,0.0
2021-07-02,1800.0,1905.0,591.0,0.0,0.0
2021-07-03,1808.0,1930.0,591.0,0.0,0.0
2021-07-04,2105.0,2057.0,612.0,78950.0,89.0
2021-07-05,2178.0,2216.0,607.0,0.0,0.0
2021-07-06,2230.0,2344.0,598.0,0.0,0.0
2021-07-07,2285.0,2522.0,605.0,0.0,0.0
2021-07-08,2494.0,2711.0,627.0,0.0,0.0
2021-07-09,2529.0,2960.0,637.0,0.0,0.0
2021-07-10,2536.0,3197.0,631.0,0.0,0.0
2021-07-11,3172.0,3450.0,719.0,135337.0,89.0
2021-07-12,3432.0,3772.0,748.0,0.0,0.0
2021-07-13,3668.0,4126.0,797.0,0.0,0.0
2021-07-14,3860.0,4454.0,837.0,0.0,0.0
2021-07-15,4183.0,4820.0,871.0,0.0,0.0
2021-07-16,4234.0,5181.0,883.0,0.0,0.0
2021-07-17,4257.0,5540.0,888.0,0.0,0.0
2021-07-18,5426.0,5890.0,1035.0,176564.0,162.0
2021-07-19,5734.0,6298.0,1116.0,0.0,0.0
2021-07-20,6075.0,6775.0,1180.0,0.0,0.0
2021-07-21,6378.0,7251.0,1240.0,0.0,0.0
2021-07-22,6663.0,7567.0,1292.0,0.0,0.0
2021-07-23,6756.0,7888.0,1309.0,0.0,0.0
2021-07-24,6792.0,8205.0,1319.0,0.0,0.0
2021-07-25,7878.0,8376.0,1486.0,185713.0,397.0
2021-07-26,7990.0,8486.0,1542.0,0.0,0.0
2021-07-27,8079.0,8509.0,1593.0,0.0,0.0
2021-07-28,8055.0,8557.0,1645.0,0.0,0.0
2021-07-29,8127.0,8547.0,1698.0,0.0,0.0
2021-07-30,8118.0,8513.0,1700.0,0.0,0.0
2021-07-31,8085.0,8432.0,1713.0,0.0,0.0
2021-08-01,8708.0,8342.0,1856.0,157658.0,556.0
2021-08-02,8450.0,8217.0,1867.0,0.0,0.0
2021-08-03,8354.0,8189.0,1904.0,0.0,0.0
2021-08-04,8061.0,8010.0,1919.0,0.0,0.0
2021-08-05,8087.0,7887.0,1928.0,0.0,0.0
2021-08-06,8024.0,7752.0,1942.0,0.0,0.0
2021-08-07,8294.0,7673.0,1948.0,0.0,0.0
2021-08-08,8368.0,7558.0,2031.0,119244.0,710.0
2021-08-09,8005.0,7477.0,1988.0,0.0,0.0
2021-08-10,7780.0,7293.0,1947.0,0.0,0.0
2021-08-11,7557.0,7103.0,1921.0,0.0,0.0
2021-08-12,7370.0,6985.0,1922.0,0.0,0.0
2021-08-13,7217.0,6852.0,1921.0,0.0,0.0
2021-08-14,7255.0,6728.0,1917.0,0.0,0.0
2021-08-15,7318.0,6631.0,1912.0,90657.0,803.0
2021-08-16,7262.0,6368.0,1901.0,0.0,0.0
2021-08-17,6951.0,6135.0,1854.0,0.0,0.0
2021-08-18,6651.0,5965.0,1843.0,0.0,0.0
2021-08-19,6419.0,5780.0,1818.0,0.0,0.0
2021-08-20,6311.0,5607.0,1804.0,0.0,0.0
2021-08-21,6315.0,5439.0,1803.0,0.0,0.0
2021-08-22,6443.0,5281.0,1834.0,68431.0,713.0
2021-08-23,6145.0,5209.0,1757.0,0.0,0.0
2021-08-24,5879.0,5069.0,1758.0,0.0,0.0
2021-08-25,5649.0,5009.0,1699.0,0.0,0.0
2021-08-26,5496.0,4882.0,1684.0,0.0,0.0
2021-08-27,5421.0,4803.0,1681.0,0.0,0.0
2021-08-28,5425.0,4695.0,1680.0,0.0,0.0
2021-08-29,5456.0,4559.0,1651.0,51814.0,641.0
2021-08-30,5213.0,4422.0,1571.0,0.0,0.0
2021-08-31,4996.0,4285.0,1514.0,0.0,0.0
2021-09-01,4797.0,4123.0,1491.0,0.0,0.0
2021-09-02,4785.0,3965.0,1460.0,0.0,0.0
2021-09-03,4646.0,3715.0,1450.0,0.0,0.0
2021-09-04,4667.0,3486.0,1450.0,0.0,0.0
2021-09-05,4361.0,3360.0,1383.0,34174.0,562.0
2021-09-06,4221.0,3242.0,1348.0,0.0,0.0
2021-09-07,4021.0,3113.0,1308.0,0.0,0.0
2021-09-08,3844.0,2984.0,1257.0,0.0,0.0
2021-09-09,3744.0,2839.0,1227.0,0.0,0.0
2021-09-10,3490.0,2716.0,1228.0,0.0,0.0
2021-09-11,3490.0,2595.0,1225.0,0.0,0.0
2021-09-12,3478.0,2500.0,1172.0,23147.0,442.0
2021-09-13,3264.0,2351.0,1134.0,0.0,0.0
2021-09-14,3054.0,2208.0,1097.0,0.0,0.0
2021-09-15,2889.0,2119.0,1058.0,0.0,0.0
2021-09-16,2781.0,2071.0,1029.0,0.0,0.0
2021-09-17,2716.0,2056.0,1016.0,0.0,0.0
2021-09-18,2719.0,2031.0,1015.0,0.0,0.0
2021-09-19,2680.0,1936.0,974.0,17787.0,373.0
2021-09-20,2495.0,1858.0,925.0,0.0,0.0
2021-09-21,2334.0,1816.0,894.0,0.0,0.0
2021-09-22,2186.0,1750.0,867.0,0.0,0.0
2021-09-23,2111.0,1708.0,837.0,0.0,0.0
2021-09-24,2067.0,1642.0,821.0,0.0,0.0
2021-09-25,2051.0,1593.0,818.0,0.0,0.0
2021-09-26,2049.0,1569.0,805.0,14420.0,253.0
2021-09-27,1992.0,1567.0,768.0,0.0,0.0
2021-09-28,1875.0,1527.0,728.0,0.0,0.0
2021-09-29,1812.0,1484.0,702.0,0.0,0.0
2021-09-30,1727.0,1415.0,674.0,0.0,0.0
2021-10-01,1709.0,1379.0,673.0,0.0,0.0
2021-10-02,1711.0,1348.0,669.0,0.0,0.0
2021-10-03,1724.0,1324.0,635.0,12085.0,192.0
2021-10-04,1670.0,1270.0,602.0,0.0,0.0
2021-10-05,1620.0,1248.0,574.0,0.0,0.0
2021-10-06,1534.0,1232.0,550.0,0.0,0.0
2021-10-07,1466.0,1213.0,535.0,0.0,0.0
2021-10-08,1435.0,1166.0,530.0,0.0,0.0
2021-10-09,1439.0,1121.0,526.0,0.0,0.0
2021-10-10,1430.0,1097.0,504.0,10316.0,151.0
2021-10-11,1340.0,1061.0,478.0,0.0,0.0
2021-10-12,1391.0,1037.0,485.0,0.0,0.0
2021-10-13,1397.0,1027.0,450.0,0.0,0.0
2021-10-14,1392.0,1024.0,443.0,0.0,0.0
2021-10-15,1373.0,1033.0,437.0,0.0,0.0
2021-10-16,1387.0,1032.0,435.0,0.0,0.0
2021-10-17,1401.0,1041.0,444.0,10582.0,129.0
2021-10-18,1412.0,1094.0,432.0,0.0,0.0
2021-10-19,1379.0,1136.0,447.0,0.0,0.0
2021-10-20,1309.0,1140.0,434.0,0.0,0.0
2021-10-21,1295.0,1172.0,435.0,0.0,0.0
2021-10-22,1272.0,1200.0,436.0,0.0,0.0
2021-10-23,1275.0,1237.0,434.0,0.0,0.0
2021-10-24,1355.0,1250.0,430.0,12402.0,123.0
2021-10-25,1305.0,1239.0,430.0,0.0,0.0
2021-10-26,1270.0,1220.0,420.0,0.0,0.0
2021-10-27,1235.0,1211.0,413.0,0.0,0.0
2021-10-28,1229.0,1187.0,411.0,0.0,0.0
2021-10-29,1202.0,1170.0,411.0,0.0,0.0
2021-10-30,1206.0,1153.0,414.0,0.0,0.0
2021-10-31,1210.0,1156.0,407.0,13400.0,106.0
2021-11-01,1296.0,1138.0,395.0,0.0,0.0
2021-11-02,1410.0,1174.0,410.0,0.0,0.0
2021-11-03,1401.0,1208.0,400.0,0.0,0.0
2021-11-04,1406.0,1261.0,386.0,0.0,0.0
2021-11-05,1431.0,1295.0,387.0,0.0,0.0
2021-11-06,1421.0,1326.0,381.0,0.0,0.0
2021-11-07,1450.0,1320.0,397.0,16049.0,96.0
2021-11-08,1453.0,1363.0,386.0,0.0,0.0
2021-11-09,1497.0,1365.0,403.0,0.0,0.0
2021-11-10,1534.0,1402.0,396.0,0.0,0.0
2021-11-11,1551.0,1400.0,394.0,0.0,0.0
2021-11-12,1540.0,1421.0,395.0,0.0,0.0
2021-11-13,1553.0,1451.0,392.0,0.0,0.0
2021-11-14,1749.0,1554.0,425.0,25438.0,161.0
2021-11-15,1726.0,1601.0,422.0,0.0,0.0
2021-11-16,1811.0,1693.0,447.0,0.0,0.0
2021-11-17,1849.0,1723.0,453.0,0.0,0.0
2021-11-18,1940.0,1835.0,458.0,0.0,0.0
2021-11-19,1946.0,1953.0,462.0,0.0,0.0
2021-11-20,1956.0,2060.0,457.0,0.0,0.0
2021-11-21,2353.0,2160.0,522.0,40613.0,155.0
2021-11-22,2453.0,2332.0,544.0,0.0,0.0
2021-11-23,2606.0,2498.0,560.0,0.0,0.0
2021-11-24,2698.0,2647.0,569.0,0.0,0.0
2021-11-25,2787.0,2735.0,596.0,0.0,0.0
2021-11-26,2765.0,2813.0,613.0,0.0,0.0
2021-11-27,2741.0,2894.0,607.0,0.0,0.0
2021-11-28,3080.0,2920.0,667.0,59198.0,194.0
2021-11-29,3113.0,2948.0,707.0,0.0,0.0
2021-11-30,3216.0,3012.0,736.0,0.0,0.0
2021-12-01,3310.0,3077.0,771.0,0.0,0.0
2021-12-02,3421.0,3158.0,809.0,0.0,0.0
2021-12-03,3398.0,3250.0,822.0,0.0,0.0
2021-12-04,3374.0,3332.0,812.0,0.0,0.0
2021-12-05,3308.0,3427.0,781.0,89893.0,295.0
2021-12-06,3835.0,3496.0,889.0,0.0,0.0
2021-12-07,3835.0,3508.0,886.0,0.0,0.0
2021-12-08,4405.0,3575.0,1037.0,0.0,0.0
2021-12-09,4491.0,3746.0,1055.0,0.0,0.0
2021-12-10,4426.0,3896.0,1049.0,0.0,0.0
2021-12-11,4435.0,4046.0,1051.0,0.0,0.0
2021-12-12,5120.0,4200.0,1154.0,116016.0,355.0
2021-12-13,5081.0,4376.0,1193.0,0.0,0.0
2021-12-14,5164.0,4596.0,1232.0,0.0,0.0
2021-12-15,5329.0,4778.0,1285.0,0.0,0.0
2021-12-16,5409.0,4864.0,1306.0,0.0,0.0
2021-12-17,5396.0,4944.0,1307.0,0.0,0.0
2021-12-18,5376.0,5022.0,1297.0,0.0,0.0
2021-12-19,5981.0,5176.0,1424.0,231599.0,501.0
2021-12-20,6059.0,5360.0,1465.0,0.0,0.0
2021-12-21,6217.0,5611.0,1459.0,0.0,0.0
2021-12-22,6401.0,5878.0,1511.0,0.0,0.0
2021-12-23,6447.0,6204.0,1518.0,0.0,0.0
2021-12-24,6436.0,6527.0,1520.0,0.0,0.0
2021-12-25,6422.0,6855.0,1521.0,0.0,0.0
2021-12-26,7713.0,7274.0,1701.0,491046.0,584.0
2021-12-27,8024.0,7715.0,1722.0,0.0,0.0
2021-12-28,8580.0,8278.0,1764.0,0.0,0.0
2021-12-29,8916.0,8804.0,1794.0,0.0,0.0
2021-12-30,8982.0,9290.0,1811.0,0.0,0.0
2021-12-31,8976.0,9764.0,1812.0,0.0,0.0
2022-01-01,8980.0,10243.0,1822.0,0.0,0.0
2022-01-02,9804.0,10399.0,1853.0,793378.0,731.0
2022-01-03,10855.0,10916.0,1962.0,0.0,0.0
2022-01-04,11338.0,11359.0,2005.0,0.0,0.0
2022-01-05,11359.0,11827.0,1996.0,0.0,0.0
2022-01-06,12333.0,12075.0,2056.0,0.0,0.0
2022-01-07,12295.0,12323.0,2056.0,0.0,0.0
2022-01-08,12071.0,12531.0,2045.0,0.0,0.0
2022-01-09,14166.0,12989.0,2187.0,892500.0,1047.0
2022-01-10,14293.0,13200.0,2195.0,0.0,0.0
2022-01-11,14763.0,13464.0,2228.0,0.0,0.0
2022-01-12,15005.0,13721.0,2227.0,0.0,0.0
2022-01-13,15133.0,14065.0,2219.0,0.0,0.0
2022-01-14,15011.0,14380.0,2224.0,0.0,0.0
2022-01-15,14909.0,14693.0,2198.0,0.0,0.0
2022-01-16,16015.0,14742.0,2195.0,956506.0,1387.0
2022-01-17,16166.0,14902.0,2191.0,0.0,0.0
2022-01-18,16531.0,14906.0,2230.0,0.0,0.0
2022-01-19,16529.0,14946.0,2204.0,0.0,0.0
2022-01-20,16441.0,14792.0,2202.0,0.0,0.0
2022-01-21,16230.0,14727.0,2240.0,0.0,0.0
2022-01-22,16137.0,14667.0,2221.0,0.0,0.0
2022-01-23,17213.0,14661.0,2252.0,847389.0,1568.0
2022-01-24,17059.0,14477.0,2201.0,0.0,0.0
2022-01-25,16619.0,14197.0,2152.0,0.0,0.0
2022-01-26,16454.0,13908.0,2098.0,0.0,0.0
2022-01-27,16179.0,13823.0,2052.0,0.0,0.0
2022-01-28,15949.0,13685.0,2049.0,0.0,0.0
2022-01-29,15692.0,13538.0,2047.0,0.0,0.0
2022-01-30,16226.0,13319.0,2081.0,625727.0,1769.0
2022-01-31,15824.0,13006.0,2034.0,0.0,0.0
2022-02-01,15217.0,12673.0,1992.0,0.0,0.0
2022-02-02,14922.0,12251.0,1940.0,0.0,0.0
2022-02-03,14403.0,11857.0,1878.0,0.0,0.0
2022-02-04,14168.0,11428.0,1876.0,0.0,0.0
2022-02-05,14145.0,11022.0,1870.0,0.0,0.0
2022-02-06,13958.0,10596.0,1838.0,383768.0,1706.0
2022-02-07,13251.0,10233.0,1766.0,0.0,0.0
2022-02-08,12716.0,9862.0,1700.0,0.0,0.0
2022-02-09,11960.0,9395.0,1633.0,0.0,0.0
2022-02-10,11161.0,8988.0,1583.0,0.0,0.0
2022-02-11,10956.0,8635.0,1568.0,0.0,0.0
2022-02-12,10899.0,8281.0,1562.0,0.0,0.0
2022-02-13,10595.0,7930.0,1526.0,244929.0,1400.0
2022-02-14,9940.0,7528.0,1457.0,0.0,0.0
2022-02-15,9486.0,7220.0,1370.0,0.0,0.0
2022-02-16,8900.0,6949.0,1351.0,0.0,0.0
2022-02-17,8393.0,6647.0,1269.0,0.0,0.0
2022-02-18,8115.0,6310.0,1251.0,0.0,0.0
2022-02-19,8128.0,5980.0,1247.0,0.0,0.0
2022-02-20,7986.0,5748.0,1207.0,158925.0,943.0
2022-02-21,7503.0,5466.0,1169.0,0.0,0.0
2022-02-22,6994.0,5157.0,1148.0,0.0,0.0
2022-02-23,6553.0,4927.0,1089.0,0.0,0.0
2022-02-24,6113.0,4675.0,1040.0,0.0,0.0
2022-02-25,6016.0,4449.0,1022.0,0.0,0.0
2022-02-26,5974.0,4226.0,1025.0,0.0,0.0
2022-02-27,5719.0,4045.0,970.0,117945.0,662.0
2022-02-28,5384.0,3929.0,941.0,0.0,0.0
2022-03-01,5217.0,3759.0,892.0,0.0,0.0
2022-03-02,5014.0,3653.0,879.0,0.0,0.0
2022-03-03,4840.0,3582.0,851.0,0.0,0.0
2022-03-04,4729.0,3532.0,823.0,0.0,0.0
2022-03-05,4739.0,3501.0,823.0,0.0,0.0
2022-03-06,4703.0,3452.0,804.0,111287.0,528.0
2022-03-07,4456.0,3396.0,750.0,0.0,0.0
2022-03-08,4278.0,3354.0,727.0,0.0,0.0
2022-03-09,4136.0,3264.0,720.0,0.0,0.0
2022-03-10,4073.0,3206.0,687.0,0.0,0.0
2022-03-11,4054.0,3149.0,687.0,0.0,0.0
2022-03-12,4061.0,3088.0,683.0,0.0,0.0
2022-03-13,4147.0,3131.0,668.0,110619.0,444.0
2022-03-14,4134.0,3130.0,637.0,0.0,0.0
2022-03-15,4091.0,3181.0,605.0,0.0,0.0
2022-03-16,3970.0,3246.0,592.0,0.0,0.0
2022-03-17,3971.0,3270.0,569.0,0.0,0.0
2022-03-18,3909.0,3267.0,557.0,0.0,0.0
2022-03-19,3922.0,3268.0,557.0,0.0,0.0
2022-03-20,4080.0,3273.0,541.0,118670.0,373.0
2022-03-21,3950.0,3229.0,534.0,0.0,0.0
2022-03-22,3971.0,3212.0,538.0,0.0,0.0
2022-03-23,3949.0,3230.0,506.0,0.0,0.0
2022-03-24,3945.0,3260.0,492.0,0.0,0.0
2022-03-25,3903.0,3280.0,489.0,0.0,0.0
2022-03-26,3908.0,3292.0,488.0,0.0,0.0
2022-03-27,3899.0,3225.0,474.0,123403.0,311.0
2022-03-28,3721.0,3216.0,443.0,0.0,0.0
2022-03-29,3753.0,3246.0,441.0,0.0,0.0
2022-03-30,3708.0,3229.0,415.0,0.0,0.0
2022-03-31,3681.0,3208.0,417.0,0.0,0.0
2022-04-01,3639.0,3202.0,409.0,0.0,0.0
2022-04-02,3626.0,3192.0,406.0,0.0,0.0
2022-04-03,3822.0,3199.0,390.0,67059.0,313.0
2022-04-04,3789.0,3204.0,367.0,0.0,0.0
2022-04-05,3788.0,3153.0,358.0,0.0,0.0
2022-04-06,3826.0,3147.0,364.0,0.0,0.0
2022-04-07,3866.0,3213.0,358.0,0.0,0.0
2022-04-08,3808.0,3285.0,356.0,0.0,0.0
2022-04-09,3800.0,3365.0,355.0,0.0,0.0
2022-04-10,4343.0,3577.0,358.0,72198.0,336.0
2022-04-11,4435.0,3759.0,338.0,0.0,0.0
2022-04-12,4517.0,3908.0,340.0,0.0,0.0
2022-04-13,4477.0,4061.0,333.0,0.0,0.0
2022-04-14,4453.0,4165.0,331.0,0.0,0.0
2022-04-15,4335.0,4252.0,310.0,0.0,0.0
2022-04-16,1380.0,3881.0,110.0,0.0,0.0
2022-04-17,3566.0,3849.0,212.0,74154.0,385.0
2022-04-18,5468.0,4011.0,350.0,0.0,0.0
2022-04-19,5695.0,4197.0,332.0,0.0,0.0
2022-04-20,5714.0,4353.0,331.0,0.0,0.0
2022-04-21,5618.0,4454.0,327.0,0.0,0.0
2022-04-22,5506.0,4553.0,324.0,0.0,0.0
2022-04-23,5513.0,5100.0,324.0,0.0,0.0
2022-04-24,5925.0,5249.0,355.0,102380.0,419.0
2022-04-25,5926.0,5277.0,337.0,0.0,0.0
2022-04-26,5885.0,5299.0,331.0,0.0,0.0
2022-04-27,5991.0,5366.0,327.0,0.0,0.0
2022-04-28,5930.0,5412.0,317.0,0.0,0.0
2022-04-29,5911.0,5464.0,323.0,0.0,0.0
2022-04-30,5880.0,5530.0,315.0,0.0,0.0
2022-05-01,5988.0,5521.0,334.0,119043.0,417.0
2022-05-02,6220.0,5685.0,343.0,0.0,0.0
2022-05-03,6346.0,5701.0,341.0,0.0,0.0
2022-05-04,6375.0,5762.0,355.0,0.0,0.0
2022-05-05,6433.0,5883.0,344.0,0.0,0.0
2022-05-06,6410.0,6006.0,343.0,0.0,0.0
2022-05-07,6397.0,6131.0,343.0,0.0,0.0
2022-05-08,6830.0,6365.0,352.0,120608.0,494.0
2022-05-09,6819.0,6355.0,350.0,0.0,0.0
2022-05-10,6804.0,6477.0,340.0,0.0,0.0
2022-05-11,6794.0,6571.0,361.0,0.0,0.0
2022-05-12,6735.0,6601.0,345.0,0.0,0.0
2022-05-13,6643.0,6635.0,345.0,0.0,0.0
2022-05-14,6657.0,6660.0,345.0,0.0,0.0
2022-05-15,6938.0,6642.0,364.0,123129.0,552.0
2022-05-16,7032.0,6653.0,361.0,0.0,0.0
2022-05-17,6954.0,6572.0,368.0,0.0,0.0
2022-05-18,6844.0,6494.0,360.0,0.0,0.0
2022-05-19,6783.0,6450.0,361.0,0.0,0.0
2022-05-20,6725.0,6405.0,368.0,0.0,0.0
2022-05-21,6719.0,6359.0,366.0,0.0,0.0
2022-05-22,7036.0,6278.0,361.0,100265.0,532.0
2022-05-23,6767.0,6161.0,360.0,0.0,0.0
2022-05-24,6641.0,6120.0,370.0,0.0,0.0
2022-05-25,6483.0,5975.0,372.0,0.0,0.0
2022-05-26,6246.0,5817.0,360.0,0.0,0.0
2022-05-27,6239.0,5664.0,356.0,0.0,0.0
2022-05-28,6140.0,5497.0,353.0,0.0,0.0
2022-05-29,6151.0,5420.0,332.0,78838.0,454.0
2022-05-30,6072.0,5357.0,337.0,0.0,0.0
2022-05-31,5976.0,5291.0,328.0,0.0,0.0
2022-06-01,5888.0,5266.0,311.0,0.0,0.0
2022-06-02,5893.0,5286.0,326.0,0.0,0.0
2022-06-03,5873.0,5300.0,317.0,0.0,0.0
2022-06-04,5821.0,5317.0,315.0,0.0,0.0
2022-06-05,6053.0,5281.0,304.0,77617.0,442.0
2022-06-06,6090.0,5255.0,314.0,0.0,0.0
2022-06-07,6008.0,5298.0,321.0,0.0,0.0
2022-06-08,5855.0,5327.0,311.0,0.0,0.0
2022-06-09,5858.0,5393.0,320.0,0.0,0.0
2022-06-10,5771.0,5467.0,318.0,0.0,0.0
2022-06-11,5714.0,5532.0,316.0,0.0,0.0
2022-06-12,6237.0,5693.0,333.0,79575.0,427.0
2022-06-13,6193.0,5759.0,337.0,0.0,0.0
2022-06-14,6304.0,5834.0,350.0,0.0,0.0
2022-06-15,6399.0,5960.0,339.0,0.0,0.0
2022-06-16,6538.0,6047.0,332.0,0.0,0.0
2022-06-17,6498.0,6134.0,327.0,0.0,0.0
2022-06-18,6408.0,6219.0,326.0,0.0,0.0
2022-06-19,7234.0,6350.0,352.0,95721.0,497.0
2022-06-20,7418.0,6650.0,361.0,0.0,0.0
2022-06-21,7477.0,6912.0,370.0,0.0,0.0
2022-06-22,7745.0,7200.0,386.0,0.0,0.0
2022-06-23,7764.0,7535.0,410.0,0.0,0.0
2022-06-24,7693.0,7847.0,406.0,0.0,0.0
2022-06-25,7644.0,8161.0,404.0,0.0,0.0
2022-06-26,8763.0,8562.0,421.0,129495.0,525.0
2022-06-27,9355.0,8878.0,429.0,0.0,0.0
2022-06-28,9474.0,9150.0,412.0,0.0,0.0
2022-06-29,9706.0,9419.0,442.0,0.0,0.0
2022-06-30,9772.0,9617.0,438.0,0.0,0.0
2022-07-01,9770.0,9832.0,448.0,0.0,0.0
2022-07-02,9723.0,10049.0,448.0,0.0,0.0
2022-07-03,10956.0,10191.0,487.0,159628.0,643.0
2022-07-04,11138.0,10345.0,494.0,0.0,0.0
2022-07-05,11431.0,10661.0,487.0,0.0,0.0
2022-07-06,11419.0,10737.0,505.0,0.0,0.0
2022-07-07,11420.0,10824.0,490.0,0.0,0.0
2022-07-08,11278.0,10886.0,484.0,0.0,0.0
2022-07-09,11016.0,10915.0,460.0,0.0,0.0
2022-07-10,12156.0,10826.0,500.0,146154.0,853.0
2022-07-11,11539.0,10707.0,485.0,0.0,0.0
2022-07-12,11411.0,10454.0,506.0,0.0,0.0
2022-07-13,11010.0,10317.0,509.0,0.0,0.0
2022-07-14,10806.0,10157.0,492.0,0.0,0.0
2022-07-15,10703.0,10032.0,494.0,0.0,0.0
2022-07-16,10509.0,9914.0,493.0,0.0,0.0
2022-07-17,10722.0,9640.0,533.0,101461.0,1104.0
2022-07-18,10477.0,9397.0,522.0,0.0,0.0
2022-07-19,10292.0,9182.0,503.0,0.0,0.0
2022-07-20,9816.0,8921.0,513.0,0.0,0.0
2022-07-21,9402.0,8692.0,507.0,0.0,0.0
2022-07-22,9257.0,8400.0,506.0,0.0,0.0
2022-07-23,8995.0,8113.0,505.0,0.0,0.0
2022-07-24,8962.0,7921.0,508.0,68057.0,958.0
2022-07-25,8648.0,7630.0,492.0,0.0,0.0
2022-07-26,8220.0,7327.0,472.0,0.0,0.0
2022-07-27,7890.0,7110.0,456.0,0.0,0.0
2022-07-28,7535.0,6766.0,449.0,0.0,0.0
2022-07-29,7458.0,6467.0,442.0,0.0,0.0
2022-07-30,7456.0,6198.0,441.0,0.0,0.0
2022-07-31,7328.0,5937.0,429.0,45541.0,788.0
2022-08-01,6695.0,5745.0,415.0,0.0,0.0
2022-08-02,6462.0,5437.0,389.0,0.0,0.0
2022-08-03,6066.0,5135.0,383.0,0.0,0.0
2022-08-04,5692.0,4955.0,364.0,0.0,0.0
2022-08-05,5643.0,4770.0,367.0,0.0,0.0
2022-08-06,5592.0,4595.0,367.0,0.0,0.0
2022-08-07,5422.0,4412.0,374.0,32376.0,597.0
2022-08-08,5432.0,4215.0,389.0,0.0,0.0
2022-08-09,5200.0,4051.0,367.0,0.0,0.0
2022-08-10,4933.0,3927.0,366.0,0.0,0.0
2022-08-11,4594.0,3774.0,344.0,0.0,0.0
2022-08-12,4656.0,3643.0,342.0,0.0,0.0
2022-08-13,4570.0,3505.0,341.0,0.0,0.0
2022-08-14,4517.0,3362.0,335.0,23157.0,498.0
2022-08-15,4272.0,3245.0,305.0,0.0,0.0
2022-08-16,4422.0,3191.0,312.0,0.0,0.0
2022-08-17,4182.0,3131.0,294.0,0.0,0.0
2022-08-18,3915.0,3069.0,282.0,0.0,0.0
2022-08-19,3862.0,3005.0,283.0,0.0,0.0
2022-08-20,3835.0,2946.0,283.0,0.0,0.0
2022-08-21,3764.0,2904.0,268.0,17529.0,339.0
2022-08-22,3640.0,2873.0,254.0,0.0,0.0
2022-08-23,3396.0,2758.0,247.0,0.0,0.0
2022-08-24,3269.0,2675.0,241.0,0.0,0.0
2022-08-25,3154.0,2651.0,212.0,0.0,0.0
2022-08-26,3134.0,2622.0,213.0,0.0,0.0
2022-08-27,3126.0,2593.0,216.0,0.0,0.0
2022-08-28,3133.0,2516.0,222.0,17231.0,305.0
2022-08-29,3081.0,2412.0,223.0,0.0,0.0
2022-08-30,2932.0,2365.0,211.0,0.0,0.0
2022-08-31,2821.0,2315.0,203.0,0.0,0.0
2022-09-01,2680.0,2214.0,215.0,0.0,0.0
2022-09-02,2673.0,2123.0,223.0,0.0,0.0
2022-09-03,2665.0,2040.0,224.0,0.0,0.0
2022-09-04,2685.0,2018.0,199.0,15221.0,252.0
2022-09-05,2520.0,1988.0,192.0,0.0,0.0
2022-09-06,2420.0,1964.0,177.0,0.0,0.0
2022-09-07,2375.0,1933.0,181.0,0.0,0.0
2022-09-08,2387.0,1968.0,176.0,0.0,0.0
2022-09-09,2364.0,1996.0,172.0,0.0,0.0
2022-09-10,2349.0,2018.0,168.0,0.0,0.0
2022-09-11,2392.0,1951.0,166.0,13517.0,171.0
2022-09-12,2319.0,1982.0,158.0,0.0,0.0
2022-09-13,2351.0,2011.0,142.0,0.0,0.0
2022-09-14,2289.0,1991.0,146.0,0.0,0.0
2022-09-15,2221.0,1942.0,144.0,0.0,0.0
2022-09-16,2232.0,1901.0,151.0,0.0,0.0
2022-09-17,2212.0,1862.0,151.0,0.0,0.0
2022-09-18,2294.0,1907.0,156.0,15587.0,165.0
2022-09-19,2206.0,1855.0,149.0,0.0,0.0
2022-09-20,2120.0,1804.0,138.0,0.0,0.0
2022-09-21,2075.0,1796.0,129.0,0.0,0.0
2022-09-22,1982.0,1794.0,129.0,0.0,0.0
2022-09-23,1953.0,1780.0,130.0,0.0,0.0
2022-09-24,1967.0,1775.0,136.0,0.0,0.0
2022-09-25,2079.0,1745.0,139.0,16469.0,107.0
2022-09-26,2135.0,1749.0,143.0,0.0,0.0
2022-09-27,2110.0,1769.0,127.0,0.0,0.0
2022-09-28,2101.0,1788.0,133.0,0.0,0.0
2022-09-29,2128.0,1857.0,141.0,0.0,0.0
2022-09-30,2132.0,1939.0,141.0,0.0,0.0
2022-10-01,2118.0,2011.0,138.0,0.0,0.0
2022-10-02,2316.0,2104.0,136.0,17740.0,126.0
2022-10-03,2383.0,2202.0,142.0,0.0,0.0
2022-10-04,2492.0,2337.0,130.0,0.0,0.0
2022-10-05,2578.0,2419.0,129.0,0.0,0.0
2022-10-06,2601.0,2443.0,140.0,0.0,0.0
2022-10-07,2577.0,2467.0,141.0,0.0,0.0
2022-10-08,2553.0,2487.0,139.0,0.0,0.0
2022-10-09,2835.0,2585.0,158.0,22273.0,150.0
2022-10-10,2861.0,2631.0,155.0,0.0,0.0
2022-10-11,2879.0,2646.0,158.0,0.0,0.0
2022-10-12,3039.0,2663.0,174.0,0.0,0.0
2022-10-13,3010.0,2743.0,172.0,0.0,0.0
2022-10-14,3002.0,2816.0,174.0,0.0,0.0
2022-10-15,2999.0,2892.0,175.0,0.0,0.0
2022-10-16,3174.0,2883.0,170.0,21512.0,147.0
2022-10-17,3217.0,2867.0,166.0,0.0,0.0
2022-10-18,3175.0,2849.0,172.0,0.0,0.0
2022-10-19,3181.0,2915.0,175.0,0.0,0.0
2022-10-20,3111.0,2897.0,178.0,0.0,0.0
2022-10-21,3085.0,2860.0,180.0,0.0,0.0
2022-10-22,3083.0,2820.0,179.0,0.0,0.0
2022-10-23,3120.0,2780.0,170.0,22259.0,179.0
2022-10-24,3103.0,2816.0,185.0,0.0,0.0
2022-10-25,3148.0,2821.0,194.0,0.0,0.0
2022-10-26,3148.0,2760.0,188.0,0.0,0.0
2022-10-27,3083.0,2730.0,176.0,0.0,0.0
2022-10-28,3073.0,2716.0,175.0,0.0,0.0
2022-10-29,3053.0,2713.0,173.0,0.0,0.0
2022-10-30,3114.0,2688.0,171.0,20302.0,166.0
2022-10-31,2806.0,2583.0,159.0,0.0,0.0
2022-11-01,3141.0,2563.0,179.0,0.0,0.0
2022-11-02,3135.0,2570.0,193.0,0.0,0.0
2022-11-03,3134.0,2588.0,185.0,0.0,0.0
2022-11-04,3121.0,2607.0,186.0,0.0,0.0
2022-11-05,3060.0,2617.0,185.0,0.0,0.0
2022-11-06,3121.0,2635.0,195.0,18527.0,142.0
2022-11-07,3076.0,2716.0,207.0,0.0,0.0
2022-11-08,3070.0,2747.0,212.0,0.0,0.0
2022-11-09,3115.0,2805.0,210.0,0.0,0.0
2022-11-10,3089.0,2763.0,194.0,0.0,0.0
2022-11-11,3070.0,2724.0,194.0,0.0,0.0
2022-11-12,3047.0,2689.0,192.0,0.0,0.0
2022-11-13,3427.0,2793.0,198.0,20387.0,147.0
2022-11-14,3528.0,2880.0,196.0,0.0,0.0
2022-11-15,3548.0,2951.0,185.0,0.0,0.0
2022-11-16,3566.0,3005.0,192.0,0.0,0.0
2022-11-17,3547.0,3144.0,194.0,0.0,0.0
2022-11-18,3524.0,3266.0,192.0,0.0,0.0
2022-11-19,3513.0,3380.0,189.0,0.0,0.0
2022-11-20,3691.0,3307.0,221.0,21950.0,163.0
2022-11-21,3580.0,3232.0,215.0,0.0,0.0
2022-11-22,3585.0,3210.0,214.0,0.0,0.0
2022-11-23,3582.0,3216.0,216.0,0.0,0.0
2022-11-24,3521.0,3151.0,223.0,0.0,0.0
2022-11-25,3497.0,3105.0,222.0,0.0,0.0
2022-11-26,3472.0,3070.0,217.0,0.0,0.0
2022-11-27,3608.0,3099.0,217.0,19892.0,175.0
2022-11-28,3596.0,3172.0,204.0,0.0,0.0
2022-11-29,3635.0,3197.0,217.0,0.0,0.0
2022-11-30,3608.0,3154.0,228.0,0.0,0.0
2022-12-01,3565.0,3203.0,226.0,0.0,0.0
2022-12-02,3548.0,3247.0,226.0,0.0,0.0
2022-12-03,3531.0,3282.0,223.0,0.0,0.0
2022-12-04,3742.0,3313.0,225.0,19294.0,183.0
2022-12-05,3525.0,3270.0,216.0,0.0,0.0
2022-12-06,3822.0,3243.0,232.0,0.0,0.0
2022-12-07,3850.0,3269.0,232.0,0.0,0.0
2022-12-08,4096.0,3282.0,238.0,0.0,0.0
2022-12-09,4099.0,3305.0,240.0,0.0,0.0
2022-12-10,3908.0,3295.0,235.0,0.0,0.0
2022-12-11,4349.0,3373.0,268.0,16989.0,190.0
2022-12-12,4292.0,3433.0,260.0,0.0,0.0
2022-12-13,4260.0,3504.0,260.0,0.0,0.0
2022-12-14,4150.0,3524.0,268.0,0.0,0.0
2022-12-15,4095.0,3539.0,254.0,0.0,0.0
2022-12-16,4109.0,3562.0,256.0,0.0,0.0
2022-12-17,4112.0,3613.0,255.0,0.0,0.0
2022-12-18,4273.0,3471.0,265.0,19638.0,241.0
2022-12-19,4130.0,3432.0,260.0,0.0,0.0
2022-12-20,3936.0,3354.0,243.0,0.0,0.0
2022-12-21,3861.0,3302.0,232.0,0.0,0.0
2022-12-22,3623.0,3225.0,246.0,0.0,0.0
2022-12-23,3601.0,3124.0,248.0,0.0,0.0
2022-12-24,3607.0,3035.0,249.0,0.0,0.0
2022-12-25,3604.0,3027.0,246.0,17005.0,217.0
2022-12-26,3568.0,3035.0,238.0,0.0,0.0
2022-12-27,3538.0,3023.0,235.0,0.0,0.0
2022-12-28,3477.0,3046.0,237.0,0.0,0.0
2022-12-29,3442.0,3048.0,233.0,0.0,0.0
2022-12-30,3425.0,3058.0,236.0,0.0,0.0
2022-12-31,3409.0,3059.0,235.0,0.0,0.0
2023-01-01,3301.0,2998.0,228.0,14823.0,210.0
2023-01-02,3396.0,3014.0,233.0,0.0,0.0
2023-01-03,3432.0,3036.0,229.0,0.0,0.0
2023-01-04,3417.0,3005.0,224.0,0.0,0.0
2023-01-05,3403.0,3021.0,222.0,0.0,0.0
2023-01-06,3406.0,3027.0,226.0,0.0,0.0
2023-01-07,3407.0,3042.0,226.0,0.0,0.0
2023-01-08,3585.0,3197.0,232.0,12663.0,202.0
2023-01-09,3544.0,3146.0,224.0,0.0,0.0
2023-01-10,3369.0,3066.0,229.0,0.0,0.0
2023-01-11,3283.0,3014.0,223.0,0.0,0.0
2023-01-12,3133.0,2902.0,220.0,0.0,0.0
2023-01-13,3114.0,2797.0,219.0,0.0,0.0
2023-01-14,3115.0,2694.0,216.0,0.0,0.0
2023-01-15,3070.0,2525.0,217.0,11960.0,178.0
2023-01-16,2983.0,2426.0,222.0,0.0,0.0
2023-01-17,2799.0,2350.0,212.0,0.0,0.0
2023-01-18,2690.0,2246.0,213.0,0.0,0.0
2023-01-19,2601.0,2152.0,200.0,0.0,0.0
2023-01-20,2596.0,2061.0,199.0,0.0,0.0
2023-01-21,2596.0,1970.0,199.0,0.0,0.0
2023-01-22,2510.0,1854.0,197.0,7480.0,197.0
2023-01-23,2396.0,1750.0,189.0,0.0,0.0
2023-01-24,2311.0,1712.0,178.0,0.0,0.0
2023-01-25,2163.0,1633.0,177.0,0.0,0.0
2023-01-26,2116.0,1622.0,172.0,0.0,0.0
2023-01-27,2104.0,1608.0,171.0,0.0,0.0
2023-01-28,2103.0,1595.0,170.0,0.0,0.0
2023-01-29,2112.0,1620.0,168.0,5787.0,136.0
2023-01-30,2022.0,1595.0,164.0,0.0,0.0
2023-01-31,1973.0,1535.0,153.0,0.0,0.0
2023-02-01,1902.0,1534.0,149.0,0.0,0.0
2023-02-02,1863.0,1517.0,138.0,0.0,0.0
2023-02-03,1844.0,1498.0,135.0,0.0,0.0
2023-02-04,1842.0,1475.0,136.0,0.0,0.0
2023-02-05,1863.0,1424.0,132.0,5699.0,116.0
2023-02-06,1859.0,1424.0,122.0,0.0,0.0
2023-02-07,1836.0,1421.0,113.0,0.0,0.0
2023-02-08,1768.0,1396.0,112.0,0.0,0.0
2023-02-09,1745.0,1362.0,109.0,0.0,0.0
2023-02-10,1754.0,1330.0,109.0,0.0,0.0
2023-02-11,1756.0,1300.0,109.0,0.0,0.0
2023-02-12,1821.0,1310.0,114.0,6074.0,103.0
2023-02-13,1765.0,1294.0,121.0,0.0,0.0
2023-02-14,1759.0,1296.0,126.0,0.0,0.0
2023-02-15,1706.0,1305.0,116.0,0.0,0.0
2023-02-16,1686.0,1317.0,112.0,0.0,0.0
2023-02-17,1679.0,1331.0,112.0,0.0,0.0
2023-02-18,1676.0,1345.0,114.0,0.0,0.0
2023-02-19,1790.0,1356.0,106.0,6051.0,85.0
2023-02-20,1798.0,1393.0,97.0,0.0,0.0
2023-02-21,1782.0,1380.0,95.0,0.0,0.0
2023-02-22,1791.0,1394.0,95.0,0.0,0.0
2023-02-23,1796.0,1396.0,91.0,0.0,0.0
2023-02-24,1798.0,1394.0,90.0,0.0,0.0
2023-02-25,1800.0,1393.0,91.0,0.0,0.0
2023-02-26,1871.0,1403.0,90.0,6455.0,91.0
2023-02-27,1798.0,1353.0,90.0,0.0,0.0
2023-02-28,1768.0,1376.0,97.0,0.0,0.0
2023-03-01,1744.0,1375.0,84.0,0.0,0.0
2023-03-02,1722.0,1398.0,93.0,0.0,0.0
2023-03-03,1718.0,1427.0,94.0,0.0,0.0
2023-03-04,1720.0,1451.0,94.0,0.0,0.0
2023-03-05,1791.0,1460.0,98.0,6566.0,82.0
2023-03-06,1824.0,1535.0,96.0,0.0,0.0
2023-03-07,1853.0,1576.0,106.0,0.0,0.0
2023-03-08,1912.0,1659.0,93.0,0.0,0.0
2023-03-09,1974.0,1733.0,87.0,0.0,0.0
2023-03-10,1979.0,1808.0,87.0,0.0,0.0
2023-03-11,1978.0,1880.0,88.0,0.0,0.0
2023-03-12,2181.0,1923.0,97.0,8286.0,97.0
2023-03-13,2155.0,1918.0,99.0,0.0,0.0
2023-03-14,2095.0,1875.0,96.0,0.0,0.0
2023-03-15,2045.0,1815.0,91.0,0.0,0.0
2023-03-16,1973.0,1744.0,95.0,0.0,0.0
2023-03-17,1967.0,1671.0,94.0,0.0,0.0
2023-03-18,1976.0,1607.0,94.0,0.0,0.0
2023-03-19,1990.0,1573.0,98.0,7421.0,123.0
2023-03-20,1921.0,1566.0,108.0,0.0,0.0
2023-03-21,1873.0,1596.0,108.0,0.0,0.0
2023-03-22,1857.0,1609.0,103.0,0.0,0.0
2023-03-23,1831.0,1621.0,112.0,0.0,0.0
2023-03-24,1820.0,1626.0,113.0,0.0,0.0
2023-03-25,1815.0,1625.0,114.0,0.0,0.0
2023-03-26,1946.0,1629.0,104.0,7577.0,95.0
2023-03-27,1975.0,1668.0,104.0,0.0,0.0
2023-03-28,1962.0,1662.0,99.0,0.0,0.0
2023-03-29,1948.0,1671.0,100.0,0.0,0.0
2023-03-30,1907.0,1662.0,92.0,0.0,0.0
2023-03-31,1903.0,1659.0,92.0,0.0,0.0
2023-04-01,1909.0,1665.0,92.0,0.0,0.0
2023-04-02,1918.0,1638.0,90.0,7962.0,84.0
2023-04-03,1918.0,1592.0,94.0,0.0,0.0
2023-04-04,1829.0,1576.0,102.0,0.0,0.0
2023-04-05,1794.0,1557.0,101.0,0.0,0.0
2023-04-06,1794.0,1569.0,101.0,0.0,0.0
2023-04-07,1793.0,1582.0,101.0,0.0,0.0
2023-04-08,1793.0,1590.0,101.0,0.0,0.0
2023-04-09,1844.0,1664.0,107.0,6617.0,86.0
2023-04-10,2053.0,1750.0,106.0,0.0,0.0
2023-04-11,2085.0,1801.0,108.0,0.0,0.0
2023-04-12,2030.0,1832.0,112.0,0.0,0.0
2023-04-13,2014.0,1856.0,109.0,0.0,0.0
2023-04-14,2026.0,1876.0,110.0,0.0,0.0
2023-04-15,2025.0,1895.0,109.0,0.0,0.0
2023-04-16,2217.0,1917.0,105.0,10278.0,80.0
2023-04-17,2253.0,1896.0,106.0,0.0,0.0
2023-04-18,2232.0,1904.0,108.0,0.0,0.0
2023-04-19,2214.0,1919.0,105.0,0.0,0.0
2023-04-20,2229.0,1969.0,110.0,0.0,0.0
2023-04-21,2231.0,2025.0,110.0,0.0,0.0
2023-04-22,2231.0,2076.0,111.0,0.0,0.0
2023-04-23,2338.0,2087.0,120.0,10867.0,112.0
2023-04-24,2344.0,2091.0,112.0,0.0,0.0
2023-04-25,2314.0,2096.0,100.0,0.0,0.0
2023-04-26,2273.0,2071.0,97.0,0.0,0.0
2023-04-27,2225.0,2034.0,96.0,0.0,0.0
2023-04-28,2234.0,2004.0,96.0,0.0,0.0
2023-04-29,2237.0,1979.0,96.0,0.0,0.0
2023-04-30,2239.0,1940.0,96.0,11183.0,128.0
2023-05-01,2298.0,1936.0,95.0,0.0,0.0
2023-05-02,2386.0,1975.0,104.0,0.0,0.0
2023-05-03,2405.0,2064.0,111.0,0.0,0.0
2023-05-04,2327.0,2101.0,119.0,0.0,0.0
2023-05-05,2322.0,2125.0,119.0,0.0,0.0
2023-05-06,2322.0,2150.0,119.0,0.0,0.0
2023-05-07,2339.0,2201.0,128.0,10603.0,98.0
2023-05-08,2341.0,2233.0,111.0,0.0,0.0
2023-05-09,2309.0,2209.0,109.0,0.0,0.0
2023-05-10,2291.0,2162.0,111.0,0.0,0.0
2023-05-11,2210.0,2103.0,112.0,0.0,0.0
2023-05-12,2210.0,2049.0,111.0,0.0,0.0
2023-05-13,2212.0,1995.0,111.0,0.0,0.0
2023-05-14,2297.0,1951.0,118.0,11262.0,102.0
2023-05-15,2301.0,1911.0,117.0,0.0,0.0
2023-05-16,2304.0,1919.0,107.0,0.0,0.0
2023-05-17,2250.0,1918.0,105.0,0.0,0.0
2023-05-18,2255.0,1927.0,112.0,0.0,0.0
2023-05-19,2251.0,1937.0,112.0,0.0,0.0
2023-05-20,2250.0,1946.0,112.0,0.0,0.0
2023-05-21,2315.0,1939.0,108.0,11023.0,100.0
2023-05-22,2295.0,1942.0,117.0,0.0,0.0
2023-05-23,2235.0,1903.0,128.0,0.0,0.0
2023-05-24,2247.0,1889.0,121.0,0.0,0.0
2023-05-25,2282.0,1886.0,118.0,0.0,0.0
2023-05-26,2278.0,1884.0,117.0,0.0,0.0
2023-05-27,2280.0,1880.0,117.0,0.0,0.0
2023-05-28,2410.0,1904.0,126.0,11262.0,99.0
2023-05-29,2358.0,1868.0,129.0,0.0,0.0
2023-05-30,2283.0,1854.0,133.0,0.0,0.0
2023-05-31,2217.0,1832.0,136.0,0.0,0.0
2023-06-01,2189.0,1830.0,125.0,0.0,0.0
2023-06-02,2185.0,1822.0,123.0,0.0,0.0
2023-06-03,2259.0,1815.0,122.0,0.0,0.0
2023-06-04,2218.0,1782.0,117.0,8917.0,98.0
2023-06-05,2141.0,1762.0,129.0,0.0,0.0
2023-06-06,2030.0,1724.0,121.0,0.0,0.0
2023-06-07,1966.0,1668.0,122.0,0.0,0.0
2023-06-08,2164.0,1602.0,123.0,0.0,0.0
2023-06-09,2162.0,1545.0,124.0,0.0,0.0
2023-06-10,2167.0,1494.0,125.0,0.0,0.0
2023-06-11,1884.0,1423.0,114.0,6866.0,89.0
2023-06-12,1884.0,1423.0,114.0,0.0,0.0
2023-06-13,1884.0,1423.0,114.0,0.0,0.0
2023-06-14,1884.0,1423.0,114.0,0.0,0.0
2023-06-15,1884.0,1423.0,114.0,0.0,0.0
2023-06-16,1884.0,1423.0,114.0,0.0,0.0
2023-06-17,1884.0,1423.0,114.0,0.0,0.0
2023-06-18,1884.0,1423.0,114.0,5430.0,65.0
2023-06-19,1884.0,1423.0,114.0,0.0,0.0
2023-06-20,1884.0,1423.0,114.0,0.0,0.0
2023-06-21,1884.0,1423.0,114.0,0.0,0.0
2023-06-22,1884.0,1423.0,114.0,0.0,0.0
2023-06-23,1884.0,1423.0,114.0,0.0,0.0
2023-06-24,1884.0,1423.0,114.0,0.0,0.0
2023-06-25,1884.0,1423.0,114.0,4502.0,42.0
2023-06-26,1884.0,1423.0,114.0,0.0,0.0
2023-06-27,1884.0,1423.0,114.0,0.0,0.0
2023-06-28,1884.0,1423.0,114.0,0.0,0.0
2023-06-29,1884.0,1423.0,114.0,0.0,0.0
2023-06-30,1884.0,1423.0,114.0,0.0,0.0
2023-07-01,1884.0,1423.0,114.0,0.0,0.0
2023-07-02,1884.0,1423.0,114.0,1764.0,11.0
2023-07-03,1884.0,1423.0,114.0,0.0,0.0
2023-07-04,1884.0,1423.0,114.0,0.0,0.0
2023-07-05,1884.0,1423.0,114.0,0.0,0.0
2023-07-06,1884.0,1423.0,114.0,0.0,0.0
2023-07-07,1884.0,1423.0,114.0,0.0,0.0
2023-07-08,1884.0,1423.0,114.0,0.0,0.0
2023-07-09,1884.0,1423.0,114.0,0.0,0.0
2023-07-10,1884.0,1423.0,114.0,0.0,0.0
2023-07-11,1884.0,1423.0,114.0,0.0,0.0
2023-07-12,1884.0,1423.0,114.0,0.0,0.0
2023-07-13,1884.0,1423.0,114.0,0.0,0.0
2023-07-14,1884.0,1423.0,114.0,0.0,0.0
2023-07-15,1884.0,1423.0,114.0,0.0,0.0
2023-07-16,1884.0,1423.0,114.0,0.0,0.0
2023-07-17,1884.0,1423.0,114.0,0.0,0.0
2023-07-18,1884.0,1423.0,114.0,0.0,0.0
2023-07-19,1884.0,1423.0,114.0,0.0,0.0
2023-07-20,1884.0,1423.0,114.0,0.0,0.0
2023-07-21,1884.0,1423.0,114.0,0.0,0.0
2023-07-22,1884.0,1423.0,114.0,0.0,0.0
2023-07-23,1884.0,1423.0,114.0,0.0,0.0
2023-07-24,1884.0,1423.0,114.0,0.0,0.0
2023-07-25,1884.0,1423.0,114.0,0.0,0.0
2023-07-26,1884.0,1423.0,114.0,0.0,0.0
2023-07-27,1884.0,1423.0,114.0,0.0,0.0
2023-07-28,1884.0,1423.0,114.0,0.0,0.0
2023-07-29,1884.0,1423.0,114.0,0.0,0.0
2023-07-30,1884.0,1423.0,114.0,0.0,0.0
2023-07-31,1884.0,1423.0,114.0,0.0,0.0
2023-08-01,1884.0,1423.0,114.0,0.0,0.0
2023-08-02,1884.0,1423.0,114.0,0.0,0.0
2023-08-03,1884.0,1423.0,114.0,0.0,0.0
2023-08-04,1884.0,1423.0,114.0,0.0,0.0
2023-08-05,1884.0,1423.0,114.0,0.0,0.0
2023-08-06,1884.0,1423.0,114.0,0.0,0.0
2023-08-07,1884.0,1423.0,114.0,0.0,0.0
2023-08-08,1884.0,1423.0,114.0,0.0,0.0
2023-08-09,1884.0,1423.0,114.0,0.0,0.0
2023-08-10,1884.0,1423.0,114.0,0.0,0.0
2023-08-11,1884.0,1423.0,114.0,0.0,0.0
2023-08-12,1884.0,1423.0,114.0,0.0,0.0
2023-08-13,1884.0,1423.0,114.0,0.0,0.0
2023-08-14,1884.0,1423.0,114.0,0.0,0.0
2023-08-15,1884.0,1423.0,114.0,0.0,0.0
2023-08-16,1884.0,1423.0,114.0,0.0,0.0
2023-08-17,1884.0,1423.0,114.0,0.0,0.0
2023-08-18,1884.0,1423.0,114.0,0.0,0.0
2023-08-19,1884.0,1423.0,114.0,0.0,0.0
2023-08-20,1884.0,1423.0,114.0,0.0,0.0
2023-08-21,1884.0,1423.0,114.0,0.0,0.0
2023-08-22,1884.0,1423.0,114.0,0.0,0.0
2023-08-23,1884.0,1423.0,114.0,0.0,0.0
2023-08-24,1884.0,1423.0,114.0,0.0,0.0
2023-08-25,1884.0,1423.0,114.0,0.0,0.0
2023-08-26,1884.0,1423.0,114.0,0.0,0.0
2023-08-27,1884.0,1423.0,114.0,0.0,0.0
2023-08-28,1884.0,1423.0,114.0,0.0,0.0
2023-08-29,1884.0,1423.0,114.0,0.0,0.0
2023-08-30,1884.0,1423.0,114.0,0.0,0.0
2023-08-31,1884.0,1423.0,114.0,0.0,0.0
2023-09-01,1884.0,1423.0,114.0,0.0,0.0
2023-09-02,1884.0,1423.0,114.0,0.0,0.0
2023-09-03,1884.0,1423.0,114.0,0.0,0.0
2023-09-04,1884.0,1423.0,114.0,0.0,0.0
2023-09-05,1884.0,1423.0,114.0,0.0,0.0
2023-09-06,1884.0,1423.0,114.0,0.0,0.0
2023-09-07,1884.0,1423.0,114.0,0.0,0.0
2023-09-08,1884.0,1423.0,114.0,0.0,0.0
2023-09-09,1884.0,1423.0,114.0,0.0,0.0
2023-09-10,1884.0,1423.0,114.0,0.0,0.0
2023-09-11,1884.0,1423.0,114.0,0.0,0.0
2023-09-12,1884.0,1423.0,114.0,0.0,0.0
2023-09-13,1884.0,1423.0,114.0,0.0,0.0
2023-09-14,1884.0,1423.0,114.0,0.0,0.0
2023-09-15,1884.0,1423.0,114.0,0.0,0.0
2023-09-16,1884.0,1423.0,114.0,0.0,0.0
2023-09-17,1884.0,1423.0,114.0,0.0,0.0
2023-09-18,1884.0,1423.0,114.0,0.0,0.0
2023-09-19,1884.0,1423.0,114.0,0.0,0.0
2023-09-20,1884.0,1423.0,114.0,0.0,0.0
2023-09-21,1884.0,1423.0,114.0,0.0,0.0
2023-09-22,1884.0,1423.0,114.0,0.0,0.0
2023-09-23,1884.0,1423.0,114.0,0.0,0.0
2023-09-24,1884.0,1423.0,114.0,0.0,0.0
2023-09-25,1884.0,1423.0,114.0,0.0,0.0
2023-09-26,1884.0,1423.0,114.0,0.0,0.0
2023-09-27,1884.0,1423.0,114.0,0.0,0.0
2023-09-28,1884.0,1423.0,114.0,0.0,0.0
2023-09-29,1884.0,1423.0,114.0,0.0,0.0
2023-09-30,1884.0,1423.0,114.0,0.0,0.0
2023-10-01,1884.0,1423.0,114.0,0.0,0.0
2023-10-02,1884.0,1423.0,114.0,0.0,0.0
2023-10-03,1884.0,1423.0,114.0,0.0,0.0
2023-10-04,1884.0,1423.0,114.0,0.0,0.0
2023-10-05,1884.0,1423.0,114.0,0.0,0.0
2023-10-06,1884.0,1423.0,114.0,0.0,0.0
2023-10-07,1884.0,1423.0,114.0,0.0,0.0
2023-10-08,1884.0,1423.0,114.0,0.0,0.0
2023-10-09,1884.0,1423.0,114.0,0.0,0.0
2023-10-10,1884.0,1423.0,114.0,0.0,0.0
2023-10-11,1884.0,1423.0,114.0,0.0,0.0
2023-10-12,1884.0,1423.0,114.0,0.0,0.0
2023-10-13,1884.0,1423.0,114.0,0.0,0.0
2023-10-14,1884.0,1423.0,114.0,0.0,0.0
2023-10-15,1884.0,1423.0,114.0,0.0,0.0
2023-10-16,1884.0,1423.0,114.0,0.0,0.0
2023-10-17,1884.0,1423.0,114.0,0.0,0.0
2023-10-18,1884.0,1423.0,114.0,0.0,0.0
2023-10-19,1884.0,1423.0,114.0,0.0,0.0
2023-10-20,1884.0,1423.0,114.0,0.0,0.0
2023-10-21,1884.0,1423.0,114.0,0.0,0.0
2023-10-22,1884.0,1423.0,114.0,0.0,0.0
2023-10-23,1884.0,1423.0,114.0,0.0,0.0
2023-10-24,1884.0,1423.0,114.0,0.0,0.0
2023-10-25,1884.0,1423.0,114.0,0.0,0.0
2023-10-26,1884.0,1423.0,114.0,0.0,0.0
2023-10-27,1884.0,1423.0,114.0,0.0,0.0
2023-10-28,1884.0,1423.0,114.0,0.0,0.0
2023-10-29,1884.0,1423.0,114.0,0.0,0.0
2023-10-30,1884.0,1423.0,114.0,0.0,0.0
2023-10-31,1884.0,1423.0,114.0,0.0,0.0
2023-11-01,1884.0,1423.0,114.0,0.0,0.0
2023-11-02,1884.0,1423.0,114.0,0.0,0.0
2023-11-03,1884.0,1423.0,114.0,0.0,0.0
2023-11-04,1884.0,1423.0,114.0,0.0,0.0
2023-11-05,1884.0,1423.0,114.0,0.0,0.0
2023-11-06,1884.0,1423.0,114.0,0.0,0.0
2023-11-07,1884.0,1423.0,114.0,0.0,0.0
2023-11-08,1884.0,1423.0,114.0,0.0,0.0
2023-11-09,1884.0,1423.0,114.0,0.0,0.0
2023-11-10,1884.0,1423.0,114.0,0.0,0.0
2023-11-11,1884.0,1423.0,114.0,0.0,0.0
2023-11-12,1884.0,1423.0,114.0,0.0,0.0
2023-11-13,1884.0,1423.0,114.0,0.0,0.0
2023-11-14,1884.0,1423.0,114.0,0.0,0.0
2023-11-15,1884.0,1423.0,114.0,0.0,0.0
2023-11-16,1884.0,1423.0,114.0,0.0,0.0
2023-11-17,1884.0,1423.0,114.0,0.0,0.0
2023-11-18,1884.0,1423.0,114.0,0.0,0.0
2023-11-19,1884.0,1423.0,114.0,0.0,0.0
2023-11-20,1884.0,1423.0,114.0,0.0,0.0
2023-11-21,1884.0,1423.0,114.0,0.0,0.0
2023-11-22,1884.0,1423.0,114.0,0.0,0.0
2023-11-23,1884.0,1423.0,114.0,0.0,0.0
2023-11-24,1884.0,1423.0,114.0,0.0,0.0
2023-11-25,1884.0,1423.0,114.0,0.0,0.0
2023-11-26,1884.0,1423.0,114.0,0.0,0.0
2023-11-27,1884.0,1423.0,114.0,0.0,0.0
2023-11-28,1884.0,1423.0,114.0,0.0,0.0
2023-11-29,1884.0,1423.0,114.0,0.0,0.0
2023-11-30,1884.0,1423.0,114.0,0.0,0.0
2023-12-01,1884.0,1423.0,114.0,0.0,0.0
2023-12-02,1884.0,1423.0,114.0,0.0,0.0
2023-12-03,1884.0,1423.0,114.0,0.0,0.0
2023-12-04,1884.0,1423.0,114.0,0.0,0.0
2023-12-05,1884.0,1423.0,114.0,0.0,0.0
2023-12-06,1884.0,1423.0,114.0,0.0,0.0
2023-12-07,1884.0,1423.0,114.0,0.0,0.0
2023-12-08,1884.0,1423.0,114.0,0.0,0.0
2023-12-09,1884.0,1423.0,114.0,0.0,0.0
2023-12-10,1884.0,1423.0,114.0,0.0,0.0
2023-12-11,1884.0,1423.0,114.0,0.0,0.0
2023-12-12,1884.0,1423.0,114.0,0.0,0.0
2023-12-13,1884.0,1423.0,114.0,0.0,0.0
2023-12-14,1884.0,1423.0,114.0,0.0,0.0
2023-12-15,1884.0,1423.0,114.0,0.0,0.0
2023-12-16,1884.0,1423.0,114.0,0.0,0.0
2023-12-17,1884.0,1423.0,114.0,0.0,0.0
2023-12-18,1884.0,1423.0,114.0,0.0,0.0
2023-12-19,1884.0,1423.0,114.0,0.0,0.0
2023-12-20,1884.0,1423.0,114.0,0.0,0.0
2023-12-21,1884.0,1423.0,114.0,0.0,0.0
2023-12-22,1884.0,1423.0,114.0,0.0,0.0
2023-12-23,1884.0,1423.0,114.0,0.0,0.0
2023-12-24,1884.0,1423.0,114.0,0.0,0.0
2023-12-25,1884.0,1423.0,114.0,0.0,0.0
2023-12-26,1884.0,1423.0,114.0,0.0,0.0
2023-12-27,1884.0,1423.0,114.0,0.0,0.0
2023-12-28,1884.0,1423.0,114.0,0.0,0.0
2023-12-29,1884.0,1423.0,114.0,0.0,0.0
2023-12-30,1884.0,1423.0,114.0,0.0,0.0
2023-12-31,1884.0,1423.0,114.0,0.0,0.0
2024-01-01,1884.0,1423.0,114.0,0.0,0.0
2024-01-02,1884.0,1423.0,114.0,0.0,0.0
2024-01-03,1884.0,1423.0,114.0,0.0,0.0
2024-01-04,1884.0,1423.0,114.0,0.0,0.0
2024-01-05,1884.0,1423.0,114.0,0.0,0.0
2024-01-06,1884.0,1423.0,114.0,0.0,0.0
2024-01-07,1884.0,1423.0,114.0,0.0,0.0
2024-01-08,1884.0,1423.0,114.0,0.0,0.0
2024-01-09,1884.0,1423.0,114.0,0.0,0.0
2024-01-10,1884.0,1423.0,114.0,0.0,0.0
2024-01-11,1884.0,1423.0,114.0,0.0,0.0
2024-01-12,1884.0,1423.0,114.0,0.0,0.0
2024-01-13,1884.0,1423.0,114.0,0.0,0.0
2024-01-14,1884.0,1423.0,114.0,0.0,0.0
2024-01-15,1884.0,1423.0,114.0,0.0,0.0
2024-01-16,1884.0,1423.0,114.0,0.0,0.0
2024-01-17,1884.0,1423.0,114.0,0.0,0.0
2024-01-18,1884.0,1423.0,114.0,0.0,0.0
2024-01-19,1884.0,1423.0,114.0,0.0,0.0
2024-01-20,1884.0,1423.0,114.0,0.0,0.0
2024-01-21,1884.0,1423.0,114.0,0.0,0.0
2024-01-22,1884.0,1423.0,114.0,0.0,0.0
2024-01-23,1884.0,1423.0,114.0,0.0,0.0
2024-01-24,1884.0,1423.0,114.0,0.0,0.0
2024-01-25,1884.0,1423.0,114.0,0.0,0.0
2024-01-26,1884.0,1423.0,114.0,0.0,0.0
2024-01-27,1884.0,1423.0,114.0,0.0,0.0
2024-01-28,1884.0,1423.0,114.0,0.0,0.0
2024-01-29,1884.0,1423.0,114.0,0.0,0.0
2024-01-30,1884.0,1423.0,114.0,0.0,0.0
2024-01-31,1884.0,1423.0,114.0,0.0,0.0
2024-02-01,1884.0,1423.0,114.0,0.0,0.0
2024-02-02,1884.0,1423.0,114.0,0.0,0.0
2024-02-03,1884.0,1423.0,114.0,0.0,0.0
2024-02-04,1884.0,1423.0,114.0,0.0,0.0
2024-02-05,1884.0,1423.0,114.0,0.0,0.0
2024-02-06,1884.0,1423.0,114.0,0.0,0.0
2024-02-07,1884.0,1423.0,114.0,0.0,0.0
2024-02-08,1884.0,1423.0,114.0,0.0,0.0
2024-02-09,1884.0,1423.0,114.0,0.0,0.0
2024-02-10,1884.0,1423.0,114.0,0.0,0.0
2024-02-11,1884.0,1423.0,114.0,0.0,0.0
2024-02-12,1884.0,1423.0,114.0,0.0,0.0
2024-02-13,1884.0,1423.0,114.0,0.0,0.0
2024-02-14,1884.0,1423.0,114.0,0.0,0.0
2024-02-15,1884.0,1423.0,114.0,0.0,0.0
2024-02-16,1884.0,1423.0,114.0,0.0,0.0
2024-02-17,1884.0,1423.0,114.0,0.0,0.0
2024-02-18,1884.0,1423.0,114.0,0.0,0.0
2024-02-19,1884.0,1423.0,114.0,0.0,0.0
2024-02-20,1884.0,1423.0,114.0,0.0,0.0
2024-02-21,1884.0,1423.0,114.0,0.0,0.0
2024-02-22,1884.0,1423.0,114.0,0.0,0.0
2024-02-23,1884.0,1423.0,114.0,0.0,0.0
2024-02-24,1884.0,1423.0,114.0,0.0,0.0
2024-02-25,1884.0,1423.0,114.0,0.0,0.0
2024-02-26,1884.0,1423.0,114.0,0.0,0.0
2024-02-27,1884.0,1423.0,114.0,0.0,0.0
2024-02-28,1884.0,1423.0,114.0,0.0,0.0
2024-02-29,1884.0,1423.0,114.0,0.0,0.0
2024-03-01,1884.0,1423.0,114.0,0.0,0.0
2024-03-02,1884.0,1423.0,114.0,0.0,0.0
2024-03-03,1884.0,1423.0,114.0,0.0,0.0
2024-03-04,1884.0,1423.0,114.0,0.0,0.0
2024-03-05,1884.0,1423.0,114.0,0.0,0.0
2024-03-06,1884.0,1423.0,114.0,0.0,0.0
2024-03-07,1884.0,1423.0,114.0,0.0,0.0
2024-03-08,1884.0,1423.0,114.0,0.0,0.0
2024-03-09,1884.0,1423.0,114.0,0.0,0.0
2024-03-10,1884.0,1423.0,114.0,0.0,0.0
2024-03-11,1884.0,1423.0,114.0,0.0,0.0
2024-03-12,1884.0,1423.0,114.0,0.0,0.0
2024-03-13,1884.0,1423.0,114.0,0.0,0.0
2024-03-14,1884.0,1423.0,114.0,0.0,0.0
2024-03-15,1884.0,1423.0,114.0,0.0,0.0
2024-03-16,1884.0,1423.0,114.0,0.0,0.0
2024-03-17,1884.0,1423.0,114.0,0.0,0.0
2024-03-18,1884.0,1423.0,114.0,0.0,0.0
2024-03-19,1884.0,1423.0,114.0,0.0,0.0
2024-03-20,1884.0,1423.0,114.0,0.0,0.0
2024-03-21,1884.0,1423.0,114.0,0.0,0.0
2024-03-22,1884.0,1423.0,114.0,0.0,0.0
2024-03-23,1884.0,1423.0,114.0,0.0,0.0
2024-03-24,1884.0,1423.0,114.0,0.0,0.0
2024-03-25,1884.0,1423.0,114.0,0.0,0.0
2024-03-26,1884.0,1423.0,114.0,0.0,0.0
2024-03-27,1884.0,1423.0,114.0,0.0,0.0
2024-03-28,1884.0,1423.0,114.0,0.0,0.0
2024-03-29,1884.0,1423.0,114.0,0.0,0.0
2024-03-30,1884.0,1423.0,114.0,0.0,0.0
2024-03-31,1884.0,1423.0,114.0,0.0,0.0
2024-04-01,1884.0,1423.0,114.0,0.0,0.0
2024-04-02,1884.0,1423.0,114.0,0.0,0.0
2024-04-03,1884.0,1423.0,114.0,0.0,0.0
2024-04-04,1884.0,1423.0,114.0,0.0,0.0
2024-04-05,1884.0,1423.0,114.0,0.0,0.0
2024-04-06,1884.0,1423.0,114.0,0.0,0.0
2024-04-07,1884.0,1423.0,114.0,0.0,0.0
2024-04-08,1884.0,1423.0,114.0,0.0,0.0
2024-04-09,1884.0,1423.0,114.0,0.0,0.0
2024-04-10,1884.0,1423.0,114.0,0.0,0.0
2024-04-11,1884.0,1423.0,114.0,0.0,0.0
2024-04-12,1884.0,1423.0,114.0,0.0,0.0
2024-04-13,1884.0,1423.0,114.0,0.0,0.0
2024-04-14,1884.0,1423.0,114.0,0.0,0.0
2024-04-15,1884.0,1423.0,114.0,0.0,0.0
2024-04-16,1884.0,1423.0,114.0,0.0,0.0
2024-04-17,1884.0,1423.0,114.0,0.0,0.0
2024-04-18,1884.0,1423.0,114.0,0.0,0.0
2024-04-19,1884.0,1423.0,114.0,0.0,0.0
2024-04-20,1884.0,1423.0,114.0,0.0,0.0
2024-04-21,1884.0,1423.0,114.0,0.0,0.0
2024-04-22,1884.0,1423.0,114.0,0.0,0.0
2024-04-23,1884.0,1423.0,114.0,0.0,0.0
2024-04-24,1884.0,1423.0,114.0,0.0,0.0
2024-04-25,1884.0,1423.0,114.0,0.0,0.0
2024-04-26,1884.0,1423.0,114.0,0.0,0.0
2024-04-27,1884.0,1423.0,114.0,0.0,0.0
2024-04-28,1884.0,1423.0,114.0,0.0,0.0
2024-04-29,1884.0,1423.0,114.0,0.0,0.0
2024-04-30,1884.0,1423.0,114.0,0.0,0.0
2024-05-01,1884.0,1423.0,114.0,0.0,0.0
2024-05-02,1884.0,1423.0,114.0,0.0,0.0
2024-05-03,1884.0,1423.0,114.0,0.0,0.0
2024-05-04,1884.0,1423.0,114.0,0.0,0.0
2024-05-05,1884.0,1423.0,114.0,0.0,0.0
2024-05-06,1884.0,1423.0,114.0,0.0,0.0
2024-05-07,1884.0,1423.0,114.0,0.0,0.0
2024-05-08,1884.0,1423.0,114.0,0.0,0.0
2024-05-09,1884.0,1423.0,114.0,0.0,0.0
2024-05-10,1884.0,1423.0,114.0,0.0,0.0
2024-05-11,1884.0,1423.0,114.0,0.0,0.0
2024-05-12,1884.0,1423.0,114.0,0.0,0.0
2024-05-13,1884.0,1423.0,114.0,0.0,0.0
2024-05-14,1884.0,1423.0,114.0,0.0,0.0
2024-05-15,1884.0,1423.0,114.0,0.0,0.0
2024-05-16,1884.0,1423.0,114.0,0.0,0.0
2024-05-17,1884.0,1423.0,114.0,0.0,0.0
2024-05-18,1884.0,1423.0,114.0,0.0,0.0
2024-05-19,1884.0,1423.0,114.0,0.0,0.0
2024-05-20,1884.0,1423.0,114.0,0.0,0.0
2024-05-21,1884.0,1423.0,114.0,0.0,0.0
2024-05-22,1884.0,1423.0,114.0,0.0,0.0
2024-05-23,1884.0,1423.0,114.0,0.0,0.0
2024-05-24,1884.0,1423.0,114.0,0.0,0.0
2024-05-25,1884.0,1423.0,114.0,0.0,0.0
2024-05-26,1884.0,1423.0,114.0,0.0,0.0
2024-05-27,1884.0,1423.0,114.0,0.0,0.0
2024-05-28,1884.0,1423.0,114.0,0.0,0.0
2024-05-29,1884.0,1423.0,114.0,0.0,0.0
2024-05-30,1884.0,1423.0,114.0,0.0,0.0
2024-05-31,1884.0,1423.0,114.0,0.0,0.0
2024-06-01,1884.0,1423.0,114.0,0.0,0.0
2024-06-02,1884.0,1423.0,114.0,0.0,0.0
2024-06-03,1884.0,1423.0,114.0,0.0,0.0
2024-06-04,1884.0,1423.0,114.0,0.0,0.0
2024-06-05,1884.0,1423.0,114.0,0.0,0.0
2024-06-06,1884.0,1423.0,114.0,0.0,0.0
2024-06-07,1884.0,1423.0,114.0,0.0,0.0
2024-06-08,1884.0,1423.0,114.0,0.0,0.0
2024-06-09,1884.0,1423.0,114.0,0.0,0.0
2024-06-10,1884.0,1423.0,114.0,0.0,0.0
2024-06-11,1884.0,1423.0,114.0,0.0,0.0
2024-06-12,1884.0,1423.0,114.0,0.0,0.0
2024-06-13,1884.0,1423.0,114.0,0.0,0.0
2024-06-14,1884.0,1423.0,114.0,0.0,0.0
2024-06-15,1884.0,1423.0,114.0,0.0,0.0
2024-06-16,1884.0,1423.0,114.0,0.0,0.0
2024-06-17,1884.0,1423.0,114.0,0.0,0.0
2024-06-18,1884.0,1423.0,114.0,0.0,0.0
2024-06-19,1884.0,1423.0,114.0,0.0,0.0
2024-06-20,1884.0,1423.0,114.0,0.0,0.0
2024-06-21,1884.0,1423.0,114.0,0.0,0.0
2024-06-22,1884.0,1423.0,114.0,0.0,0.0
2024-06-23,1884.0,1423.0,114.0,0.0,0.0
2024-06-24,1884.0,1423.0,114.0,0.0,0.0
2024-06-25,1884.0,1423.0,114.0,0.0,0.0
2024-06-26,1884.0,1423.0,114.0,0.0,0.0
2024-06-27,1884.0,1423.0,114.0,0.0,0.0
2024-06-28,1884.0,1423.0,114.0,0.0,0.0
2024-06-29,1884.0,1423.0,114.0,0.0,0.0
2024-06-30,1884.0,1423.0,114.0,0.0,0.0
2024-07-01,1884.0,1423.0,114.0,0.0,0.0
2024-07-02,1884.0,1423.0,114.0,0.0,0.0
2024-07-03,1884.0,1423.0,114.0,0.0,0.0
2024-07-04,1884.0,1423.0,114.0,0.0,0.0
2024-07-05,1884.0,1423.0,114.0,0.0,0.0
2024-07-06,1884.0,1423.0,114.0,0.0,0.0
2024-07-07,1884.0,1423.0,114.0,0.0,0.0
2024-07-08,1884.0,1423.0,114.0,0.0,0.0
2024-07-09,1884.0,1423.0,114.0,0.0,0.0
2024-07-10,1884.0,1423.0,114.0,0.0,0.0
2024-07-11,1884.0,1423.0,114.0,0.0,0.0
2024-07-12,1884.0,1423.0,114.0,0.0,0.0
2024-07-13,1884.0,1423.0,114.0,0.0,0.0
2024-07-14,1884.0,1423.0,114.0,0.0,0.0
2024-07-15,1884.0,1423.0,114.0,0.0,0.0
2024-07-16,1884.0,1423.0,114.0,0.0,0.0
2024-07-17,1884.0,1423.0,114.0,0.0,0.0
2024-07-18,1884.0,1423.0,114.0,0.0,0.0
2024-07-19,1884.0,1423.0,114.0,0.0,0.0
2024-07-20,1884.0,1423.0,114.0,0.0,0.0
2024-07-21,1884.0,1423.0,114.0,0.0,0.0
2024-07-22,1884.0,1423.0,114.0,0.0,0.0
2024-07-23,1884.0,1423.0,114.0,0.0,0.0
2024-07-24,1884.0,1423.0,114.0,0.0,0.0
2024-07-25,1884.0,1423.0,114.0,0.0,0.0
2024-07-26,1884.0,1423.0,114.0,0.0,0.0
2024-07-27,1884.0,1423.0,114.0,0.0,0.0
2024-07-28,1884.0,1423.0,114.0,0.0,0.0
2024-07-29,1884.0,1423.0,114.0,0.0,0.0
2024-07-30,1884.0,1423.0,114.0,0.0,0.0
2024-07-31,1884.0,1423.0,114.0,0.0,0.0
2024-08-01,1884.0,1423.0,114.0,0.0,0.0
2024-08-02,1884.0,1423.0,114.0,0.0,0.0
2024-08-03,1884.0,1423.0,114.0,0.0,0.0
2024-08-04,1884.0,1423.0,114.0,0.0,0.0
